## spot_moist_water BEGIN n=150
## spot_moist_water closure=2.50 mode=B step=1 edmf_a n=150
    1  9.99999958943383754E-002
    2  9.99999958943383754E-002
    3  9.99999958943383754E-002
    4  9.99999958943383754E-002
    5  9.99999958943383754E-002
    6  9.99999958943383754E-002
    7  9.99999958943383754E-002
    8  9.99999958943383754E-002
    9  9.99999958943383754E-002
   10  9.99999958943383754E-002
   11  9.99999958943383754E-002
   12  9.99999958943383754E-002
   13  9.99999958943383754E-002
   14  9.99999958943383754E-002
   15  8.83570815023500683E-002
   16  8.83570815023500683E-002
   17  8.83570815023500683E-002
   18  8.83570815023500683E-002
   19  7.63743569065412770E-002
   20  7.63743569065412770E-002
   21  5.16426732707041120E-002
   22  1.31325655952851308E-002
   23  0.00000000000000000E+000
   24  0.00000000000000000E+000
   25  0.00000000000000000E+000
   26  0.00000000000000000E+000
   27  0.00000000000000000E+000
   28  0.00000000000000000E+000
   29  0.00000000000000000E+000
   30  0.00000000000000000E+000
   31  0.00000000000000000E+000
   32  0.00000000000000000E+000
   33  0.00000000000000000E+000
   34  0.00000000000000000E+000
   35  0.00000000000000000E+000
   36  0.00000000000000000E+000
   37  0.00000000000000000E+000
   38  0.00000000000000000E+000
   39  0.00000000000000000E+000
   40  0.00000000000000000E+000
   41  0.00000000000000000E+000
   42  0.00000000000000000E+000
   43  0.00000000000000000E+000
   44  0.00000000000000000E+000
   45  0.00000000000000000E+000
   46  0.00000000000000000E+000
   47  0.00000000000000000E+000
   48  0.00000000000000000E+000
   49  0.00000000000000000E+000
   50  0.00000000000000000E+000
   51  0.00000000000000000E+000
   52  0.00000000000000000E+000
   53  0.00000000000000000E+000
   54  0.00000000000000000E+000
   55  0.00000000000000000E+000
   56  0.00000000000000000E+000
   57  0.00000000000000000E+000
   58  0.00000000000000000E+000
   59  0.00000000000000000E+000
   60  0.00000000000000000E+000
   61  0.00000000000000000E+000
   62  0.00000000000000000E+000
   63  0.00000000000000000E+000
   64  0.00000000000000000E+000
   65  0.00000000000000000E+000
   66  0.00000000000000000E+000
   67  0.00000000000000000E+000
   68  0.00000000000000000E+000
   69  0.00000000000000000E+000
   70  0.00000000000000000E+000
   71  0.00000000000000000E+000
   72  0.00000000000000000E+000
   73  0.00000000000000000E+000
   74  0.00000000000000000E+000
   75  0.00000000000000000E+000
   76  0.00000000000000000E+000
   77  0.00000000000000000E+000
   78  0.00000000000000000E+000
   79  0.00000000000000000E+000
   80  0.00000000000000000E+000
   81  0.00000000000000000E+000
   82  0.00000000000000000E+000
   83  0.00000000000000000E+000
   84  0.00000000000000000E+000
   85  0.00000000000000000E+000
   86  0.00000000000000000E+000
   87  0.00000000000000000E+000
   88  0.00000000000000000E+000
   89  0.00000000000000000E+000
   90  0.00000000000000000E+000
   91  0.00000000000000000E+000
   92  0.00000000000000000E+000
   93  0.00000000000000000E+000
   94  0.00000000000000000E+000
   95  0.00000000000000000E+000
   96  0.00000000000000000E+000
   97  0.00000000000000000E+000
   98  0.00000000000000000E+000
   99  0.00000000000000000E+000
  100  0.00000000000000000E+000
  101  0.00000000000000000E+000
  102  0.00000000000000000E+000
  103  0.00000000000000000E+000
  104  0.00000000000000000E+000
  105  0.00000000000000000E+000
  106  0.00000000000000000E+000
  107  0.00000000000000000E+000
  108  0.00000000000000000E+000
  109  0.00000000000000000E+000
  110  0.00000000000000000E+000
  111  0.00000000000000000E+000
  112  0.00000000000000000E+000
  113  0.00000000000000000E+000
  114  0.00000000000000000E+000
  115  0.00000000000000000E+000
  116  0.00000000000000000E+000
  117  0.00000000000000000E+000
  118  0.00000000000000000E+000
  119  0.00000000000000000E+000
  120  0.00000000000000000E+000
  121  0.00000000000000000E+000
  122  0.00000000000000000E+000
  123  0.00000000000000000E+000
  124  0.00000000000000000E+000
  125  0.00000000000000000E+000
  126  0.00000000000000000E+000
  127  0.00000000000000000E+000
  128  0.00000000000000000E+000
  129  0.00000000000000000E+000
  130  0.00000000000000000E+000
  131  0.00000000000000000E+000
  132  0.00000000000000000E+000
  133  0.00000000000000000E+000
  134  0.00000000000000000E+000
  135  0.00000000000000000E+000
  136  0.00000000000000000E+000
  137  0.00000000000000000E+000
  138  0.00000000000000000E+000
  139  0.00000000000000000E+000
  140  0.00000000000000000E+000
  141  0.00000000000000000E+000
  142  0.00000000000000000E+000
  143  0.00000000000000000E+000
  144  0.00000000000000000E+000
  145  0.00000000000000000E+000
  146  0.00000000000000000E+000
  147  0.00000000000000000E+000
  148  0.00000000000000000E+000
  149  0.00000000000000000E+000
  150  0.00000000000000000E+000
## spot_moist_water closure=2.50 mode=B step=1 edmf_w n=150
    1  2.92237087157532938E-001
    2  2.90702280886620312E-001
    3  2.82208947513439945E-001
    4  1.23306889782223328E+000
    5  1.99358866178737415E+000
    6  1.85270130250601084E+000
    7  1.42325138189401024E+000
    8  1.44017557419396658E+000
    9  1.63741140400143026E+000
   10  1.79187519835488240E+000
   11  1.97843623453494311E+000
   12  2.12870803193467406E+000
   13  2.18949828755526532E+000
   14  2.20778096871156082E+000
   15  2.40798530401949362E+000
   16  2.37172745586413436E+000
   17  2.30800717252974374E+000
   18  2.14675955158838150E+000
   19  2.41004700587871357E+000
   20  1.54871688128859319E+000
   21  7.72563970612314077E-001
   22  7.73002999336090957E-002
   23  0.00000000000000000E+000
   24  0.00000000000000000E+000
   25  0.00000000000000000E+000
   26  0.00000000000000000E+000
   27  0.00000000000000000E+000
   28  0.00000000000000000E+000
   29  0.00000000000000000E+000
   30  0.00000000000000000E+000
   31  0.00000000000000000E+000
   32  0.00000000000000000E+000
   33  0.00000000000000000E+000
   34  0.00000000000000000E+000
   35  0.00000000000000000E+000
   36  0.00000000000000000E+000
   37  0.00000000000000000E+000
   38  0.00000000000000000E+000
   39  0.00000000000000000E+000
   40  0.00000000000000000E+000
   41  0.00000000000000000E+000
   42  0.00000000000000000E+000
   43  0.00000000000000000E+000
   44  0.00000000000000000E+000
   45  0.00000000000000000E+000
   46  0.00000000000000000E+000
   47  0.00000000000000000E+000
   48  0.00000000000000000E+000
   49  0.00000000000000000E+000
   50  0.00000000000000000E+000
   51  0.00000000000000000E+000
   52  0.00000000000000000E+000
   53  0.00000000000000000E+000
   54  0.00000000000000000E+000
   55  0.00000000000000000E+000
   56  0.00000000000000000E+000
   57  0.00000000000000000E+000
   58  0.00000000000000000E+000
   59  0.00000000000000000E+000
   60  0.00000000000000000E+000
   61  0.00000000000000000E+000
   62  0.00000000000000000E+000
   63  0.00000000000000000E+000
   64  0.00000000000000000E+000
   65  0.00000000000000000E+000
   66  0.00000000000000000E+000
   67  0.00000000000000000E+000
   68  0.00000000000000000E+000
   69  0.00000000000000000E+000
   70  0.00000000000000000E+000
   71  0.00000000000000000E+000
   72  0.00000000000000000E+000
   73  0.00000000000000000E+000
   74  0.00000000000000000E+000
   75  0.00000000000000000E+000
   76  0.00000000000000000E+000
   77  0.00000000000000000E+000
   78  0.00000000000000000E+000
   79  0.00000000000000000E+000
   80  0.00000000000000000E+000
   81  0.00000000000000000E+000
   82  0.00000000000000000E+000
   83  0.00000000000000000E+000
   84  0.00000000000000000E+000
   85  0.00000000000000000E+000
   86  0.00000000000000000E+000
   87  0.00000000000000000E+000
   88  0.00000000000000000E+000
   89  0.00000000000000000E+000
   90  0.00000000000000000E+000
   91  0.00000000000000000E+000
   92  0.00000000000000000E+000
   93  0.00000000000000000E+000
   94  0.00000000000000000E+000
   95  0.00000000000000000E+000
   96  0.00000000000000000E+000
   97  0.00000000000000000E+000
   98  0.00000000000000000E+000
   99  0.00000000000000000E+000
  100  0.00000000000000000E+000
  101  0.00000000000000000E+000
  102  0.00000000000000000E+000
  103  0.00000000000000000E+000
  104  0.00000000000000000E+000
  105  0.00000000000000000E+000
  106  0.00000000000000000E+000
  107  0.00000000000000000E+000
  108  0.00000000000000000E+000
  109  0.00000000000000000E+000
  110  0.00000000000000000E+000
  111  0.00000000000000000E+000
  112  0.00000000000000000E+000
  113  0.00000000000000000E+000
  114  0.00000000000000000E+000
  115  0.00000000000000000E+000
  116  0.00000000000000000E+000
  117  0.00000000000000000E+000
  118  0.00000000000000000E+000
  119  0.00000000000000000E+000
  120  0.00000000000000000E+000
  121  0.00000000000000000E+000
  122  0.00000000000000000E+000
  123  0.00000000000000000E+000
  124  0.00000000000000000E+000
  125  0.00000000000000000E+000
  126  0.00000000000000000E+000
  127  0.00000000000000000E+000
  128  0.00000000000000000E+000
  129  0.00000000000000000E+000
  130  0.00000000000000000E+000
  131  0.00000000000000000E+000
  132  0.00000000000000000E+000
  133  0.00000000000000000E+000
  134  0.00000000000000000E+000
  135  0.00000000000000000E+000
  136  0.00000000000000000E+000
  137  0.00000000000000000E+000
  138  0.00000000000000000E+000
  139  0.00000000000000000E+000
  140  0.00000000000000000E+000
  141  0.00000000000000000E+000
  142  0.00000000000000000E+000
  143  0.00000000000000000E+000
  144  0.00000000000000000E+000
  145  0.00000000000000000E+000
  146  0.00000000000000000E+000
  147  0.00000000000000000E+000
  148  0.00000000000000000E+000
  149  0.00000000000000000E+000
  150  0.00000000000000000E+000
## spot_moist_water closure=2.50 mode=B step=1 edmf_qt n=150
    1  1.78176571185357027E-002
    2  1.78126263529447722E-002
    3  1.78095460386001013E-002
    4  1.78069602464293111E-002
    5  1.78049658441534163E-002
    6  1.78035598100874000E-002
    7  1.77382616322805768E-002
    8  1.73959034832425891E-002
    9  1.69958397714770580E-002
   10  1.65482018552179713E-002
   11  1.58608283392868768E-002
   12  1.52649735885538127E-002
   13  1.46670174015862669E-002
   14  1.38598989267514142E-002
   15  1.35601714254794288E-002
   16  1.29597351069393203E-002
   17  1.21856614112052231E-002
   18  1.15702611107514168E-002
   19  1.13790419410074745E-002
   20  9.57659196323984961E-003
   21  7.94281773661389967E-003
   22  6.17617332547787650E-003
   23  0.00000000000000000E+000
   24  0.00000000000000000E+000
   25  0.00000000000000000E+000
   26  0.00000000000000000E+000
   27  0.00000000000000000E+000
   28  0.00000000000000000E+000
   29  0.00000000000000000E+000
   30  0.00000000000000000E+000
   31  0.00000000000000000E+000
   32  0.00000000000000000E+000
   33  0.00000000000000000E+000
   34  0.00000000000000000E+000
   35  0.00000000000000000E+000
   36  0.00000000000000000E+000
   37  0.00000000000000000E+000
   38  0.00000000000000000E+000
   39  0.00000000000000000E+000
   40  0.00000000000000000E+000
   41  0.00000000000000000E+000
   42  0.00000000000000000E+000
   43  0.00000000000000000E+000
   44  0.00000000000000000E+000
   45  0.00000000000000000E+000
   46  0.00000000000000000E+000
   47  0.00000000000000000E+000
   48  0.00000000000000000E+000
   49  0.00000000000000000E+000
   50  0.00000000000000000E+000
   51  0.00000000000000000E+000
   52  0.00000000000000000E+000
   53  0.00000000000000000E+000
   54  0.00000000000000000E+000
   55  0.00000000000000000E+000
   56  0.00000000000000000E+000
   57  0.00000000000000000E+000
   58  0.00000000000000000E+000
   59  0.00000000000000000E+000
   60  0.00000000000000000E+000
   61  0.00000000000000000E+000
   62  0.00000000000000000E+000
   63  0.00000000000000000E+000
   64  0.00000000000000000E+000
   65  0.00000000000000000E+000
   66  0.00000000000000000E+000
   67  0.00000000000000000E+000
   68  0.00000000000000000E+000
   69  0.00000000000000000E+000
   70  0.00000000000000000E+000
   71  0.00000000000000000E+000
   72  0.00000000000000000E+000
   73  0.00000000000000000E+000
   74  0.00000000000000000E+000
   75  0.00000000000000000E+000
   76  0.00000000000000000E+000
   77  0.00000000000000000E+000
   78  0.00000000000000000E+000
   79  0.00000000000000000E+000
   80  0.00000000000000000E+000
   81  0.00000000000000000E+000
   82  0.00000000000000000E+000
   83  0.00000000000000000E+000
   84  0.00000000000000000E+000
   85  0.00000000000000000E+000
   86  0.00000000000000000E+000
   87  0.00000000000000000E+000
   88  0.00000000000000000E+000
   89  0.00000000000000000E+000
   90  0.00000000000000000E+000
   91  0.00000000000000000E+000
   92  0.00000000000000000E+000
   93  0.00000000000000000E+000
   94  0.00000000000000000E+000
   95  0.00000000000000000E+000
   96  0.00000000000000000E+000
   97  0.00000000000000000E+000
   98  0.00000000000000000E+000
   99  0.00000000000000000E+000
  100  0.00000000000000000E+000
  101  0.00000000000000000E+000
  102  0.00000000000000000E+000
  103  0.00000000000000000E+000
  104  0.00000000000000000E+000
  105  0.00000000000000000E+000
  106  0.00000000000000000E+000
  107  0.00000000000000000E+000
  108  0.00000000000000000E+000
  109  0.00000000000000000E+000
  110  0.00000000000000000E+000
  111  0.00000000000000000E+000
  112  0.00000000000000000E+000
  113  0.00000000000000000E+000
  114  0.00000000000000000E+000
  115  0.00000000000000000E+000
  116  0.00000000000000000E+000
  117  0.00000000000000000E+000
  118  0.00000000000000000E+000
  119  0.00000000000000000E+000
  120  0.00000000000000000E+000
  121  0.00000000000000000E+000
  122  0.00000000000000000E+000
  123  0.00000000000000000E+000
  124  0.00000000000000000E+000
  125  0.00000000000000000E+000
  126  0.00000000000000000E+000
  127  0.00000000000000000E+000
  128  0.00000000000000000E+000
  129  0.00000000000000000E+000
  130  0.00000000000000000E+000
  131  0.00000000000000000E+000
  132  0.00000000000000000E+000
  133  0.00000000000000000E+000
  134  0.00000000000000000E+000
  135  0.00000000000000000E+000
  136  0.00000000000000000E+000
  137  0.00000000000000000E+000
  138  0.00000000000000000E+000
  139  0.00000000000000000E+000
  140  0.00000000000000000E+000
  141  0.00000000000000000E+000
  142  0.00000000000000000E+000
  143  0.00000000000000000E+000
  144  0.00000000000000000E+000
  145  0.00000000000000000E+000
  146  0.00000000000000000E+000
  147  0.00000000000000000E+000
  148  0.00000000000000000E+000
  149  0.00000000000000000E+000
  150  0.00000000000000000E+000
## spot_moist_water closure=2.50 mode=B step=1 edmf_thl n=150
    1  3.00031095853713509E+002
    2  3.00026065088122607E+002
    3  3.00022984773777864E+002
    4  3.00020398981607116E+002
    5  3.00018404579331218E+002
    6  3.00016998545265210E+002
    7  3.00328611291818618E+002
    8  3.00765012349142694E+002
    9  3.01105022569669416E+002
   10  3.01439725153704842E+002
   11  3.01888981125505723E+002
   12  3.02252799782821455E+002
   13  3.02610858329450366E+002
   14  3.03088060902748794E+002
   15  3.03239741882752924E+002
   16  3.03606338710975706E+002
   17  3.04091685349128170E+002
   18  3.04491797293301772E+002
   19  3.04620634519275882E+002
   20  3.05875045244419596E+002
   21  3.07099384180921504E+002
   22  3.08468818002637818E+002
   23  0.00000000000000000E+000
   24  0.00000000000000000E+000
   25  0.00000000000000000E+000
   26  0.00000000000000000E+000
   27  0.00000000000000000E+000
   28  0.00000000000000000E+000
   29  0.00000000000000000E+000
   30  0.00000000000000000E+000
   31  0.00000000000000000E+000
   32  0.00000000000000000E+000
   33  0.00000000000000000E+000
   34  0.00000000000000000E+000
   35  0.00000000000000000E+000
   36  0.00000000000000000E+000
   37  0.00000000000000000E+000
   38  0.00000000000000000E+000
   39  0.00000000000000000E+000
   40  0.00000000000000000E+000
   41  0.00000000000000000E+000
   42  0.00000000000000000E+000
   43  0.00000000000000000E+000
   44  0.00000000000000000E+000
   45  0.00000000000000000E+000
   46  0.00000000000000000E+000
   47  0.00000000000000000E+000
   48  0.00000000000000000E+000
   49  0.00000000000000000E+000
   50  0.00000000000000000E+000
   51  0.00000000000000000E+000
   52  0.00000000000000000E+000
   53  0.00000000000000000E+000
   54  0.00000000000000000E+000
   55  0.00000000000000000E+000
   56  0.00000000000000000E+000
   57  0.00000000000000000E+000
   58  0.00000000000000000E+000
   59  0.00000000000000000E+000
   60  0.00000000000000000E+000
   61  0.00000000000000000E+000
   62  0.00000000000000000E+000
   63  0.00000000000000000E+000
   64  0.00000000000000000E+000
   65  0.00000000000000000E+000
   66  0.00000000000000000E+000
   67  0.00000000000000000E+000
   68  0.00000000000000000E+000
   69  0.00000000000000000E+000
   70  0.00000000000000000E+000
   71  0.00000000000000000E+000
   72  0.00000000000000000E+000
   73  0.00000000000000000E+000
   74  0.00000000000000000E+000
   75  0.00000000000000000E+000
   76  0.00000000000000000E+000
   77  0.00000000000000000E+000
   78  0.00000000000000000E+000
   79  0.00000000000000000E+000
   80  0.00000000000000000E+000
   81  0.00000000000000000E+000
   82  0.00000000000000000E+000
   83  0.00000000000000000E+000
   84  0.00000000000000000E+000
   85  0.00000000000000000E+000
   86  0.00000000000000000E+000
   87  0.00000000000000000E+000
   88  0.00000000000000000E+000
   89  0.00000000000000000E+000
   90  0.00000000000000000E+000
   91  0.00000000000000000E+000
   92  0.00000000000000000E+000
   93  0.00000000000000000E+000
   94  0.00000000000000000E+000
   95  0.00000000000000000E+000
   96  0.00000000000000000E+000
   97  0.00000000000000000E+000
   98  0.00000000000000000E+000
   99  0.00000000000000000E+000
  100  0.00000000000000000E+000
  101  0.00000000000000000E+000
  102  0.00000000000000000E+000
  103  0.00000000000000000E+000
  104  0.00000000000000000E+000
  105  0.00000000000000000E+000
  106  0.00000000000000000E+000
  107  0.00000000000000000E+000
  108  0.00000000000000000E+000
  109  0.00000000000000000E+000
  110  0.00000000000000000E+000
  111  0.00000000000000000E+000
  112  0.00000000000000000E+000
  113  0.00000000000000000E+000
  114  0.00000000000000000E+000
  115  0.00000000000000000E+000
  116  0.00000000000000000E+000
  117  0.00000000000000000E+000
  118  0.00000000000000000E+000
  119  0.00000000000000000E+000
  120  0.00000000000000000E+000
  121  0.00000000000000000E+000
  122  0.00000000000000000E+000
  123  0.00000000000000000E+000
  124  0.00000000000000000E+000
  125  0.00000000000000000E+000
  126  0.00000000000000000E+000
  127  0.00000000000000000E+000
  128  0.00000000000000000E+000
  129  0.00000000000000000E+000
  130  0.00000000000000000E+000
  131  0.00000000000000000E+000
  132  0.00000000000000000E+000
  133  0.00000000000000000E+000
  134  0.00000000000000000E+000
  135  0.00000000000000000E+000
  136  0.00000000000000000E+000
  137  0.00000000000000000E+000
  138  0.00000000000000000E+000
  139  0.00000000000000000E+000
  140  0.00000000000000000E+000
  141  0.00000000000000000E+000
  142  0.00000000000000000E+000
  143  0.00000000000000000E+000
  144  0.00000000000000000E+000
  145  0.00000000000000000E+000
  146  0.00000000000000000E+000
  147  0.00000000000000000E+000
  148  0.00000000000000000E+000
  149  0.00000000000000000E+000
  150  0.00000000000000000E+000
## spot_moist_water closure=2.50 mode=B step=1 edmf_ent n=150
    1  9.99999999999999804E-004
    2  1.02903683092679687E-003
    3  1.02903683092679687E-003
    4  1.02903683092679687E-003
    5  6.44595082636214472E-004
    6  6.44595082636214472E-004
    7  6.44595082636214472E-004
    8  6.70255455908086157E-004
    9  6.46443350721286449E-004
   10  6.44595082636214472E-004
   11  6.44595082636214472E-004
   12  6.44595082636214472E-004
   13  6.44595082636214472E-004
   14  6.44990244081944776E-004
   15  5.68480489189507267E-004
   16  5.68480489189507267E-004
   17  5.68480489189507267E-004
   18  5.87490803190882159E-004
   19  5.13851956239871855E-004
   20  1.27972903796394434E-003
   21  2.17239811626037706E-003
   22  2.86666666666666667E-003
   23  0.00000000000000000E+000
   24  0.00000000000000000E+000
   25  0.00000000000000000E+000
   26  0.00000000000000000E+000
   27  0.00000000000000000E+000
   28  0.00000000000000000E+000
   29  0.00000000000000000E+000
   30  0.00000000000000000E+000
   31  0.00000000000000000E+000
   32  0.00000000000000000E+000
   33  0.00000000000000000E+000
   34  0.00000000000000000E+000
   35  0.00000000000000000E+000
   36  0.00000000000000000E+000
   37  0.00000000000000000E+000
   38  0.00000000000000000E+000
   39  0.00000000000000000E+000
   40  0.00000000000000000E+000
   41  0.00000000000000000E+000
   42  0.00000000000000000E+000
   43  0.00000000000000000E+000
   44  0.00000000000000000E+000
   45  0.00000000000000000E+000
   46  0.00000000000000000E+000
   47  0.00000000000000000E+000
   48  0.00000000000000000E+000
   49  0.00000000000000000E+000
   50  0.00000000000000000E+000
   51  0.00000000000000000E+000
   52  0.00000000000000000E+000
   53  0.00000000000000000E+000
   54  0.00000000000000000E+000
   55  0.00000000000000000E+000
   56  0.00000000000000000E+000
   57  0.00000000000000000E+000
   58  0.00000000000000000E+000
   59  0.00000000000000000E+000
   60  0.00000000000000000E+000
   61  0.00000000000000000E+000
   62  0.00000000000000000E+000
   63  0.00000000000000000E+000
   64  0.00000000000000000E+000
   65  0.00000000000000000E+000
   66  0.00000000000000000E+000
   67  0.00000000000000000E+000
   68  0.00000000000000000E+000
   69  0.00000000000000000E+000
   70  0.00000000000000000E+000
   71  0.00000000000000000E+000
   72  0.00000000000000000E+000
   73  0.00000000000000000E+000
   74  0.00000000000000000E+000
   75  0.00000000000000000E+000
   76  0.00000000000000000E+000
   77  0.00000000000000000E+000
   78  0.00000000000000000E+000
   79  0.00000000000000000E+000
   80  0.00000000000000000E+000
   81  0.00000000000000000E+000
   82  0.00000000000000000E+000
   83  0.00000000000000000E+000
   84  0.00000000000000000E+000
   85  0.00000000000000000E+000
   86  0.00000000000000000E+000
   87  0.00000000000000000E+000
   88  0.00000000000000000E+000
   89  0.00000000000000000E+000
   90  0.00000000000000000E+000
   91  0.00000000000000000E+000
   92  0.00000000000000000E+000
   93  0.00000000000000000E+000
   94  0.00000000000000000E+000
   95  0.00000000000000000E+000
   96  0.00000000000000000E+000
   97  0.00000000000000000E+000
   98  0.00000000000000000E+000
   99  0.00000000000000000E+000
  100  0.00000000000000000E+000
  101  0.00000000000000000E+000
  102  0.00000000000000000E+000
  103  0.00000000000000000E+000
  104  0.00000000000000000E+000
  105  0.00000000000000000E+000
  106  0.00000000000000000E+000
  107  0.00000000000000000E+000
  108  0.00000000000000000E+000
  109  0.00000000000000000E+000
  110  0.00000000000000000E+000
  111  0.00000000000000000E+000
  112  0.00000000000000000E+000
  113  0.00000000000000000E+000
  114  0.00000000000000000E+000
  115  0.00000000000000000E+000
  116  0.00000000000000000E+000
  117  0.00000000000000000E+000
  118  0.00000000000000000E+000
  119  0.00000000000000000E+000
  120  0.00000000000000000E+000
  121  0.00000000000000000E+000
  122  0.00000000000000000E+000
  123  0.00000000000000000E+000
  124  0.00000000000000000E+000
  125  0.00000000000000000E+000
  126  0.00000000000000000E+000
  127  0.00000000000000000E+000
  128  0.00000000000000000E+000
  129  0.00000000000000000E+000
  130  0.00000000000000000E+000
  131  0.00000000000000000E+000
  132  0.00000000000000000E+000
  133  0.00000000000000000E+000
  134  0.00000000000000000E+000
  135  0.00000000000000000E+000
  136  0.00000000000000000E+000
  137  0.00000000000000000E+000
  138  0.00000000000000000E+000
  139  0.00000000000000000E+000
  140  0.00000000000000000E+000
  141  0.00000000000000000E+000
  142  0.00000000000000000E+000
  143  0.00000000000000000E+000
  144  0.00000000000000000E+000
  145  0.00000000000000000E+000
  146  0.00000000000000000E+000
  147  0.00000000000000000E+000
  148  0.00000000000000000E+000
  149  0.00000000000000000E+000
  150  0.00000000000000000E+000
## spot_moist_water closure=2.50 mode=B step=1 edmf_qc n=150
    1  0.00000000000000000E+000
    2  0.00000000000000000E+000
    3  0.00000000000000000E+000
    4  2.91574124474125028E-004
    5  7.89375105254923955E-004
    6  1.11308450047918010E-003
    7  1.32567708546431546E-003
    8  1.59244951359839549E-003
    9  1.70073558745158443E-003
   10  1.79125121038361981E-003
   11  1.93678652236197574E-003
   12  1.96268145569070390E-003
   13  1.98094786162658588E-003
   14  2.04787232137465481E-003
   15  2.20364986405404382E-003
   16  2.19358268928690004E-003
   17  2.23141875772852162E-003
   18  2.18648770552305662E-003
   19  2.35944937567214227E-003
   20  1.76745987226657590E-003
   21  1.06966588459793529E-003
   22  2.33030628310625272E-004
   23  0.00000000000000000E+000
   24  0.00000000000000000E+000
   25  0.00000000000000000E+000
   26  0.00000000000000000E+000
   27  0.00000000000000000E+000
   28  0.00000000000000000E+000
   29  0.00000000000000000E+000
   30  0.00000000000000000E+000
   31  0.00000000000000000E+000
   32  0.00000000000000000E+000
   33  0.00000000000000000E+000
   34  0.00000000000000000E+000
   35  0.00000000000000000E+000
   36  0.00000000000000000E+000
   37  0.00000000000000000E+000
   38  0.00000000000000000E+000
   39  0.00000000000000000E+000
   40  0.00000000000000000E+000
   41  0.00000000000000000E+000
   42  0.00000000000000000E+000
   43  0.00000000000000000E+000
   44  0.00000000000000000E+000
   45  0.00000000000000000E+000
   46  0.00000000000000000E+000
   47  0.00000000000000000E+000
   48  0.00000000000000000E+000
   49  0.00000000000000000E+000
   50  0.00000000000000000E+000
   51  0.00000000000000000E+000
   52  0.00000000000000000E+000
   53  0.00000000000000000E+000
   54  0.00000000000000000E+000
   55  0.00000000000000000E+000
   56  0.00000000000000000E+000
   57  0.00000000000000000E+000
   58  0.00000000000000000E+000
   59  0.00000000000000000E+000
   60  0.00000000000000000E+000
   61  0.00000000000000000E+000
   62  0.00000000000000000E+000
   63  0.00000000000000000E+000
   64  0.00000000000000000E+000
   65  0.00000000000000000E+000
   66  0.00000000000000000E+000
   67  0.00000000000000000E+000
   68  0.00000000000000000E+000
   69  0.00000000000000000E+000
   70  0.00000000000000000E+000
   71  0.00000000000000000E+000
   72  0.00000000000000000E+000
   73  0.00000000000000000E+000
   74  0.00000000000000000E+000
   75  0.00000000000000000E+000
   76  0.00000000000000000E+000
   77  0.00000000000000000E+000
   78  0.00000000000000000E+000
   79  0.00000000000000000E+000
   80  0.00000000000000000E+000
   81  0.00000000000000000E+000
   82  0.00000000000000000E+000
   83  0.00000000000000000E+000
   84  0.00000000000000000E+000
   85  0.00000000000000000E+000
   86  0.00000000000000000E+000
   87  0.00000000000000000E+000
   88  0.00000000000000000E+000
   89  0.00000000000000000E+000
   90  0.00000000000000000E+000
   91  0.00000000000000000E+000
   92  0.00000000000000000E+000
   93  0.00000000000000000E+000
   94  0.00000000000000000E+000
   95  0.00000000000000000E+000
   96  0.00000000000000000E+000
   97  0.00000000000000000E+000
   98  0.00000000000000000E+000
   99  0.00000000000000000E+000
  100  0.00000000000000000E+000
  101  0.00000000000000000E+000
  102  0.00000000000000000E+000
  103  0.00000000000000000E+000
  104  0.00000000000000000E+000
  105  0.00000000000000000E+000
  106  0.00000000000000000E+000
  107  0.00000000000000000E+000
  108  0.00000000000000000E+000
  109  0.00000000000000000E+000
  110  0.00000000000000000E+000
  111  0.00000000000000000E+000
  112  0.00000000000000000E+000
  113  0.00000000000000000E+000
  114  0.00000000000000000E+000
  115  0.00000000000000000E+000
  116  0.00000000000000000E+000
  117  0.00000000000000000E+000
  118  0.00000000000000000E+000
  119  0.00000000000000000E+000
  120  0.00000000000000000E+000
  121  0.00000000000000000E+000
  122  0.00000000000000000E+000
  123  0.00000000000000000E+000
  124  0.00000000000000000E+000
  125  0.00000000000000000E+000
  126  0.00000000000000000E+000
  127  0.00000000000000000E+000
  128  0.00000000000000000E+000
  129  0.00000000000000000E+000
  130  0.00000000000000000E+000
  131  0.00000000000000000E+000
  132  0.00000000000000000E+000
  133  0.00000000000000000E+000
  134  0.00000000000000000E+000
  135  0.00000000000000000E+000
  136  0.00000000000000000E+000
  137  0.00000000000000000E+000
  138  0.00000000000000000E+000
  139  0.00000000000000000E+000
  140  0.00000000000000000E+000
  141  0.00000000000000000E+000
  142  0.00000000000000000E+000
  143  0.00000000000000000E+000
  144  0.00000000000000000E+000
  145  0.00000000000000000E+000
  146  0.00000000000000000E+000
  147  0.00000000000000000E+000
  148  0.00000000000000000E+000
  149  0.00000000000000000E+000
  150  0.00000000000000000E+000
## spot_moist_water closure=2.50 mode=B step=1 s_aw n=151
    1  0.00000000000000000E+000
    2  3.33069413385764651E-002
    3  3.25537737620731280E-002
    4  3.12372045191357216E-002
    5  1.34903829406950976E-001
    6  2.14239368920345896E-001
    7  1.95765441781404814E-001
    8  1.47796379768406649E-001
    9  1.46703747111399163E-001
   10  1.64681106237784119E-001
   11  1.77919817223429227E-001
   12  1.92606535109991595E-001
   13  2.04547183601582971E-001
   14  2.07648758323094512E-001
   15  2.05207374922746738E-001
   16  1.95140347415801441E-001
   17  1.89652173589130835E-001
   18  1.80810527849430080E-001
   19  1.65914271709801692E-001
   20  1.58830911881681719E-001
   21  9.99610308456325425E-002
   22  3.32564018700974712E-002
   23  8.34595415757062283E-004
   24  0.00000000000000000E+000
   25  0.00000000000000000E+000
   26  0.00000000000000000E+000
   27  0.00000000000000000E+000
   28  0.00000000000000000E+000
   29  0.00000000000000000E+000
   30  0.00000000000000000E+000
   31  0.00000000000000000E+000
   32  0.00000000000000000E+000
   33  0.00000000000000000E+000
   34  0.00000000000000000E+000
   35  0.00000000000000000E+000
   36  0.00000000000000000E+000
   37  0.00000000000000000E+000
   38  0.00000000000000000E+000
   39  0.00000000000000000E+000
   40  0.00000000000000000E+000
   41  0.00000000000000000E+000
   42  0.00000000000000000E+000
   43  0.00000000000000000E+000
   44  0.00000000000000000E+000
   45  0.00000000000000000E+000
   46  0.00000000000000000E+000
   47  0.00000000000000000E+000
   48  0.00000000000000000E+000
   49  0.00000000000000000E+000
   50  0.00000000000000000E+000
   51  0.00000000000000000E+000
   52  0.00000000000000000E+000
   53  0.00000000000000000E+000
   54  0.00000000000000000E+000
   55  0.00000000000000000E+000
   56  0.00000000000000000E+000
   57  0.00000000000000000E+000
   58  0.00000000000000000E+000
   59  0.00000000000000000E+000
   60  0.00000000000000000E+000
   61  0.00000000000000000E+000
   62  0.00000000000000000E+000
   63  0.00000000000000000E+000
   64  0.00000000000000000E+000
   65  0.00000000000000000E+000
   66  0.00000000000000000E+000
   67  0.00000000000000000E+000
   68  0.00000000000000000E+000
   69  0.00000000000000000E+000
   70  0.00000000000000000E+000
   71  0.00000000000000000E+000
   72  0.00000000000000000E+000
   73  0.00000000000000000E+000
   74  0.00000000000000000E+000
   75  0.00000000000000000E+000
   76  0.00000000000000000E+000
   77  0.00000000000000000E+000
   78  0.00000000000000000E+000
   79  0.00000000000000000E+000
   80  0.00000000000000000E+000
   81  0.00000000000000000E+000
   82  0.00000000000000000E+000
   83  0.00000000000000000E+000
   84  0.00000000000000000E+000
   85  0.00000000000000000E+000
   86  0.00000000000000000E+000
   87  0.00000000000000000E+000
   88  0.00000000000000000E+000
   89  0.00000000000000000E+000
   90  0.00000000000000000E+000
   91  0.00000000000000000E+000
   92  0.00000000000000000E+000
   93  0.00000000000000000E+000
   94  0.00000000000000000E+000
   95  0.00000000000000000E+000
   96  0.00000000000000000E+000
   97  0.00000000000000000E+000
   98  0.00000000000000000E+000
   99  0.00000000000000000E+000
  100  0.00000000000000000E+000
  101  0.00000000000000000E+000
  102  0.00000000000000000E+000
  103  0.00000000000000000E+000
  104  0.00000000000000000E+000
  105  0.00000000000000000E+000
  106  0.00000000000000000E+000
  107  0.00000000000000000E+000
  108  0.00000000000000000E+000
  109  0.00000000000000000E+000
  110  0.00000000000000000E+000
  111  0.00000000000000000E+000
  112  0.00000000000000000E+000
  113  0.00000000000000000E+000
  114  0.00000000000000000E+000
  115  0.00000000000000000E+000
  116  0.00000000000000000E+000
  117  0.00000000000000000E+000
  118  0.00000000000000000E+000
  119  0.00000000000000000E+000
  120  0.00000000000000000E+000
  121  0.00000000000000000E+000
  122  0.00000000000000000E+000
  123  0.00000000000000000E+000
  124  0.00000000000000000E+000
  125  0.00000000000000000E+000
  126  0.00000000000000000E+000
  127  0.00000000000000000E+000
  128  0.00000000000000000E+000
  129  0.00000000000000000E+000
  130  0.00000000000000000E+000
  131  0.00000000000000000E+000
  132  0.00000000000000000E+000
  133  0.00000000000000000E+000
  134  0.00000000000000000E+000
  135  0.00000000000000000E+000
  136  0.00000000000000000E+000
  137  0.00000000000000000E+000
  138  0.00000000000000000E+000
  139  0.00000000000000000E+000
  140  0.00000000000000000E+000
  141  0.00000000000000000E+000
  142  0.00000000000000000E+000
  143  0.00000000000000000E+000
  144  0.00000000000000000E+000
  145  0.00000000000000000E+000
  146  0.00000000000000000E+000
  147  0.00000000000000000E+000
  148  0.00000000000000000E+000
  149  0.00000000000000000E+000
  150  0.00000000000000000E+000
  151  0.00000000000000000E+000
## spot_moist_water closure=2.50 mode=B step=1 s_awthl n=151
    1  0.00000000000000000E+000
    2  9.99322919913505103E+000
    3  9.76713968502633456E+000
    4  9.37206572238667590E+000
    5  4.04740705227324895E+001
    6  6.42758610830801018E+001
    7  5.87332285299895887E+001
    8  4.43832414017862860E+001
    9  4.41140608179851128E+001
   10  4.95748039218627099E+001
   11  5.36156179610825987E+001
   12  5.81211201911793296E+001
   13  6.17886168618424350E+001
   14  6.27900198455748537E+001
   15  6.21359746664466570E+001
   16  5.91400650911620076E+001
   17  5.75397533127120653E+001
   18  5.49350548937339624E+001
   19  5.04537163398727913E+001
   20  4.83535431127253545E+001
   21  3.05470961634191269E+001
   22  1.02099914927561439E+001
   23  2.57446661409001076E-001
   24  0.00000000000000000E+000
   25  0.00000000000000000E+000
   26  0.00000000000000000E+000
   27  0.00000000000000000E+000
   28  0.00000000000000000E+000
   29  0.00000000000000000E+000
   30  0.00000000000000000E+000
   31  0.00000000000000000E+000
   32  0.00000000000000000E+000
   33  0.00000000000000000E+000
   34  0.00000000000000000E+000
   35  0.00000000000000000E+000
   36  0.00000000000000000E+000
   37  0.00000000000000000E+000
   38  0.00000000000000000E+000
   39  0.00000000000000000E+000
   40  0.00000000000000000E+000
   41  0.00000000000000000E+000
   42  0.00000000000000000E+000
   43  0.00000000000000000E+000
   44  0.00000000000000000E+000
   45  0.00000000000000000E+000
   46  0.00000000000000000E+000
   47  0.00000000000000000E+000
   48  0.00000000000000000E+000
   49  0.00000000000000000E+000
   50  0.00000000000000000E+000
   51  0.00000000000000000E+000
   52  0.00000000000000000E+000
   53  0.00000000000000000E+000
   54  0.00000000000000000E+000
   55  0.00000000000000000E+000
   56  0.00000000000000000E+000
   57  0.00000000000000000E+000
   58  0.00000000000000000E+000
   59  0.00000000000000000E+000
   60  0.00000000000000000E+000
   61  0.00000000000000000E+000
   62  0.00000000000000000E+000
   63  0.00000000000000000E+000
   64  0.00000000000000000E+000
   65  0.00000000000000000E+000
   66  0.00000000000000000E+000
   67  0.00000000000000000E+000
   68  0.00000000000000000E+000
   69  0.00000000000000000E+000
   70  0.00000000000000000E+000
   71  0.00000000000000000E+000
   72  0.00000000000000000E+000
   73  0.00000000000000000E+000
   74  0.00000000000000000E+000
   75  0.00000000000000000E+000
   76  0.00000000000000000E+000
   77  0.00000000000000000E+000
   78  0.00000000000000000E+000
   79  0.00000000000000000E+000
   80  0.00000000000000000E+000
   81  0.00000000000000000E+000
   82  0.00000000000000000E+000
   83  0.00000000000000000E+000
   84  0.00000000000000000E+000
   85  0.00000000000000000E+000
   86  0.00000000000000000E+000
   87  0.00000000000000000E+000
   88  0.00000000000000000E+000
   89  0.00000000000000000E+000
   90  0.00000000000000000E+000
   91  0.00000000000000000E+000
   92  0.00000000000000000E+000
   93  0.00000000000000000E+000
   94  0.00000000000000000E+000
   95  0.00000000000000000E+000
   96  0.00000000000000000E+000
   97  0.00000000000000000E+000
   98  0.00000000000000000E+000
   99  0.00000000000000000E+000
  100  0.00000000000000000E+000
  101  0.00000000000000000E+000
  102  0.00000000000000000E+000
  103  0.00000000000000000E+000
  104  0.00000000000000000E+000
  105  0.00000000000000000E+000
  106  0.00000000000000000E+000
  107  0.00000000000000000E+000
  108  0.00000000000000000E+000
  109  0.00000000000000000E+000
  110  0.00000000000000000E+000
  111  0.00000000000000000E+000
  112  0.00000000000000000E+000
  113  0.00000000000000000E+000
  114  0.00000000000000000E+000
  115  0.00000000000000000E+000
  116  0.00000000000000000E+000
  117  0.00000000000000000E+000
  118  0.00000000000000000E+000
  119  0.00000000000000000E+000
  120  0.00000000000000000E+000
  121  0.00000000000000000E+000
  122  0.00000000000000000E+000
  123  0.00000000000000000E+000
  124  0.00000000000000000E+000
  125  0.00000000000000000E+000
  126  0.00000000000000000E+000
  127  0.00000000000000000E+000
  128  0.00000000000000000E+000
  129  0.00000000000000000E+000
  130  0.00000000000000000E+000
  131  0.00000000000000000E+000
  132  0.00000000000000000E+000
  133  0.00000000000000000E+000
  134  0.00000000000000000E+000
  135  0.00000000000000000E+000
  136  0.00000000000000000E+000
  137  0.00000000000000000E+000
  138  0.00000000000000000E+000
  139  0.00000000000000000E+000
  140  0.00000000000000000E+000
  141  0.00000000000000000E+000
  142  0.00000000000000000E+000
  143  0.00000000000000000E+000
  144  0.00000000000000000E+000
  145  0.00000000000000000E+000
  146  0.00000000000000000E+000
  147  0.00000000000000000E+000
  148  0.00000000000000000E+000
  149  0.00000000000000000E+000
  150  0.00000000000000000E+000
  151  0.00000000000000000E+000
## spot_moist_water closure=2.50 mode=B step=1 s_awqt n=151
    1  0.00000000000000000E+000
    2  5.93562750224537286E-004
    3  5.80027247824670719E-004
    4  5.56506818567347817E-004
    5  2.40239692725304800E-003
    6  3.81463206761489988E-003
    7  3.48559001934807241E-003
    8  2.62291725354133788E-003
    9  2.55786329367596989E-003
   10  2.80828423055036382E-003
   11  2.96007755764132264E-003
   12  3.08284574388736519E-003
   13  3.16756272812032625E-003
   14  3.10754471389769818E-003
   15  2.92871081775013037E-003
   16  2.69518636910326273E-003
   17  2.51620828142056548E-003
   18  2.27468406283033589E-003
   19  2.01831772743247010E-003
   20  1.85131284116498785E-003
   21  9.99293035917108319E-004
   22  2.68535407245294538E-004
   23  5.15460594436488668E-006
   24  0.00000000000000000E+000
   25  0.00000000000000000E+000
   26  0.00000000000000000E+000
   27  0.00000000000000000E+000
   28  0.00000000000000000E+000
   29  0.00000000000000000E+000
   30  0.00000000000000000E+000
   31  0.00000000000000000E+000
   32  0.00000000000000000E+000
   33  0.00000000000000000E+000
   34  0.00000000000000000E+000
   35  0.00000000000000000E+000
   36  0.00000000000000000E+000
   37  0.00000000000000000E+000
   38  0.00000000000000000E+000
   39  0.00000000000000000E+000
   40  0.00000000000000000E+000
   41  0.00000000000000000E+000
   42  0.00000000000000000E+000
   43  0.00000000000000000E+000
   44  0.00000000000000000E+000
   45  0.00000000000000000E+000
   46  0.00000000000000000E+000
   47  0.00000000000000000E+000
   48  0.00000000000000000E+000
   49  0.00000000000000000E+000
   50  0.00000000000000000E+000
   51  0.00000000000000000E+000
   52  0.00000000000000000E+000
   53  0.00000000000000000E+000
   54  0.00000000000000000E+000
   55  0.00000000000000000E+000
   56  0.00000000000000000E+000
   57  0.00000000000000000E+000
   58  0.00000000000000000E+000
   59  0.00000000000000000E+000
   60  0.00000000000000000E+000
   61  0.00000000000000000E+000
   62  0.00000000000000000E+000
   63  0.00000000000000000E+000
   64  0.00000000000000000E+000
   65  0.00000000000000000E+000
   66  0.00000000000000000E+000
   67  0.00000000000000000E+000
   68  0.00000000000000000E+000
   69  0.00000000000000000E+000
   70  0.00000000000000000E+000
   71  0.00000000000000000E+000
   72  0.00000000000000000E+000
   73  0.00000000000000000E+000
   74  0.00000000000000000E+000
   75  0.00000000000000000E+000
   76  0.00000000000000000E+000
   77  0.00000000000000000E+000
   78  0.00000000000000000E+000
   79  0.00000000000000000E+000
   80  0.00000000000000000E+000
   81  0.00000000000000000E+000
   82  0.00000000000000000E+000
   83  0.00000000000000000E+000
   84  0.00000000000000000E+000
   85  0.00000000000000000E+000
   86  0.00000000000000000E+000
   87  0.00000000000000000E+000
   88  0.00000000000000000E+000
   89  0.00000000000000000E+000
   90  0.00000000000000000E+000
   91  0.00000000000000000E+000
   92  0.00000000000000000E+000
   93  0.00000000000000000E+000
   94  0.00000000000000000E+000
   95  0.00000000000000000E+000
   96  0.00000000000000000E+000
   97  0.00000000000000000E+000
   98  0.00000000000000000E+000
   99  0.00000000000000000E+000
  100  0.00000000000000000E+000
  101  0.00000000000000000E+000
  102  0.00000000000000000E+000
  103  0.00000000000000000E+000
  104  0.00000000000000000E+000
  105  0.00000000000000000E+000
  106  0.00000000000000000E+000
  107  0.00000000000000000E+000
  108  0.00000000000000000E+000
  109  0.00000000000000000E+000
  110  0.00000000000000000E+000
  111  0.00000000000000000E+000
  112  0.00000000000000000E+000
  113  0.00000000000000000E+000
  114  0.00000000000000000E+000
  115  0.00000000000000000E+000
  116  0.00000000000000000E+000
  117  0.00000000000000000E+000
  118  0.00000000000000000E+000
  119  0.00000000000000000E+000
  120  0.00000000000000000E+000
  121  0.00000000000000000E+000
  122  0.00000000000000000E+000
  123  0.00000000000000000E+000
  124  0.00000000000000000E+000
  125  0.00000000000000000E+000
  126  0.00000000000000000E+000
  127  0.00000000000000000E+000
  128  0.00000000000000000E+000
  129  0.00000000000000000E+000
  130  0.00000000000000000E+000
  131  0.00000000000000000E+000
  132  0.00000000000000000E+000
  133  0.00000000000000000E+000
  134  0.00000000000000000E+000
  135  0.00000000000000000E+000
  136  0.00000000000000000E+000
  137  0.00000000000000000E+000
  138  0.00000000000000000E+000
  139  0.00000000000000000E+000
  140  0.00000000000000000E+000
  141  0.00000000000000000E+000
  142  0.00000000000000000E+000
  143  0.00000000000000000E+000
  144  0.00000000000000000E+000
  145  0.00000000000000000E+000
  146  0.00000000000000000E+000
  147  0.00000000000000000E+000
  148  0.00000000000000000E+000
  149  0.00000000000000000E+000
  150  0.00000000000000000E+000
  151  0.00000000000000000E+000
## spot_moist_water closure=2.50 mode=B step=1 s_awqv n=151
    1  0.00000000000000000E+000
    2  5.93562750224537286E-004
    3  5.80027247824670719E-004
    4  5.56506818567347817E-004
    5  2.36306646277872250E-003
    6  3.64551314622573938E-003
    7  3.26768770198085411E-003
    8  2.42547192187748733E-003
    9  2.32003915595374675E-003
   10  2.52236981227784221E-003
   11  2.63226575843992974E-003
   12  2.69477459930857850E-003
   13  2.74248569242674075E-003
   14  2.66423269036427431E-003
   15  2.46502894160841295E-003
   16  2.23990520268702118E-003
   17  2.06991145127847489E-003
   18  1.83359329823034852E-003
   19  1.60273081982713361E-003
   20  1.45279374766386958E-003
   21  7.98954505823164761E-004
   22  2.30399078771866716E-004
   23  4.96011965024585055E-006
   24  0.00000000000000000E+000
   25  0.00000000000000000E+000
   26  0.00000000000000000E+000
   27  0.00000000000000000E+000
   28  0.00000000000000000E+000
   29  0.00000000000000000E+000
   30  0.00000000000000000E+000
   31  0.00000000000000000E+000
   32  0.00000000000000000E+000
   33  0.00000000000000000E+000
   34  0.00000000000000000E+000
   35  0.00000000000000000E+000
   36  0.00000000000000000E+000
   37  0.00000000000000000E+000
   38  0.00000000000000000E+000
   39  0.00000000000000000E+000
   40  0.00000000000000000E+000
   41  0.00000000000000000E+000
   42  0.00000000000000000E+000
   43  0.00000000000000000E+000
   44  0.00000000000000000E+000
   45  0.00000000000000000E+000
   46  0.00000000000000000E+000
   47  0.00000000000000000E+000
   48  0.00000000000000000E+000
   49  0.00000000000000000E+000
   50  0.00000000000000000E+000
   51  0.00000000000000000E+000
   52  0.00000000000000000E+000
   53  0.00000000000000000E+000
   54  0.00000000000000000E+000
   55  0.00000000000000000E+000
   56  0.00000000000000000E+000
   57  0.00000000000000000E+000
   58  0.00000000000000000E+000
   59  0.00000000000000000E+000
   60  0.00000000000000000E+000
   61  0.00000000000000000E+000
   62  0.00000000000000000E+000
   63  0.00000000000000000E+000
   64  0.00000000000000000E+000
   65  0.00000000000000000E+000
   66  0.00000000000000000E+000
   67  0.00000000000000000E+000
   68  0.00000000000000000E+000
   69  0.00000000000000000E+000
   70  0.00000000000000000E+000
   71  0.00000000000000000E+000
   72  0.00000000000000000E+000
   73  0.00000000000000000E+000
   74  0.00000000000000000E+000
   75  0.00000000000000000E+000
   76  0.00000000000000000E+000
   77  0.00000000000000000E+000
   78  0.00000000000000000E+000
   79  0.00000000000000000E+000
   80  0.00000000000000000E+000
   81  0.00000000000000000E+000
   82  0.00000000000000000E+000
   83  0.00000000000000000E+000
   84  0.00000000000000000E+000
   85  0.00000000000000000E+000
   86  0.00000000000000000E+000
   87  0.00000000000000000E+000
   88  0.00000000000000000E+000
   89  0.00000000000000000E+000
   90  0.00000000000000000E+000
   91  0.00000000000000000E+000
   92  0.00000000000000000E+000
   93  0.00000000000000000E+000
   94  0.00000000000000000E+000
   95  0.00000000000000000E+000
   96  0.00000000000000000E+000
   97  0.00000000000000000E+000
   98  0.00000000000000000E+000
   99  0.00000000000000000E+000
  100  0.00000000000000000E+000
  101  0.00000000000000000E+000
  102  0.00000000000000000E+000
  103  0.00000000000000000E+000
  104  0.00000000000000000E+000
  105  0.00000000000000000E+000
  106  0.00000000000000000E+000
  107  0.00000000000000000E+000
  108  0.00000000000000000E+000
  109  0.00000000000000000E+000
  110  0.00000000000000000E+000
  111  0.00000000000000000E+000
  112  0.00000000000000000E+000
  113  0.00000000000000000E+000
  114  0.00000000000000000E+000
  115  0.00000000000000000E+000
  116  0.00000000000000000E+000
  117  0.00000000000000000E+000
  118  0.00000000000000000E+000
  119  0.00000000000000000E+000
  120  0.00000000000000000E+000
  121  0.00000000000000000E+000
  122  0.00000000000000000E+000
  123  0.00000000000000000E+000
  124  0.00000000000000000E+000
  125  0.00000000000000000E+000
  126  0.00000000000000000E+000
  127  0.00000000000000000E+000
  128  0.00000000000000000E+000
  129  0.00000000000000000E+000
  130  0.00000000000000000E+000
  131  0.00000000000000000E+000
  132  0.00000000000000000E+000
  133  0.00000000000000000E+000
  134  0.00000000000000000E+000
  135  0.00000000000000000E+000
  136  0.00000000000000000E+000
  137  0.00000000000000000E+000
  138  0.00000000000000000E+000
  139  0.00000000000000000E+000
  140  0.00000000000000000E+000
  141  0.00000000000000000E+000
  142  0.00000000000000000E+000
  143  0.00000000000000000E+000
  144  0.00000000000000000E+000
  145  0.00000000000000000E+000
  146  0.00000000000000000E+000
  147  0.00000000000000000E+000
  148  0.00000000000000000E+000
  149  0.00000000000000000E+000
  150  0.00000000000000000E+000
  151  0.00000000000000000E+000
## spot_moist_water closure=2.50 mode=B step=1 s_awqc n=151
    1  0.00000000000000000E+000
    2  0.00000000000000000E+000
    3  0.00000000000000000E+000
    4  0.00000000000000000E+000
    5  3.93304644743255964E-005
    6  1.69118921389160501E-004
    7  2.17902317367218133E-004
    8  1.97445331663850441E-004
    9  2.37824137722223171E-004
   10  2.85914418272521721E-004
   11  3.27811799201393008E-004
   12  3.88071144578786692E-004
   13  4.25077035693585399E-004
   14  4.43312023533423650E-004
   15  4.63681876141717629E-004
   16  4.55281166416241770E-004
   17  4.46296830142090700E-004
   18  4.41090764599987376E-004
   19  4.15586907605336442E-004
   20  3.98519093501118317E-004
   21  2.00338530093943613E-004
   22  3.81363284734278148E-005
   23  1.94486294119035757E-007
   24  0.00000000000000000E+000
   25  0.00000000000000000E+000
   26  0.00000000000000000E+000
   27  0.00000000000000000E+000
   28  0.00000000000000000E+000
   29  0.00000000000000000E+000
   30  0.00000000000000000E+000
   31  0.00000000000000000E+000
   32  0.00000000000000000E+000
   33  0.00000000000000000E+000
   34  0.00000000000000000E+000
   35  0.00000000000000000E+000
   36  0.00000000000000000E+000
   37  0.00000000000000000E+000
   38  0.00000000000000000E+000
   39  0.00000000000000000E+000
   40  0.00000000000000000E+000
   41  0.00000000000000000E+000
   42  0.00000000000000000E+000
   43  0.00000000000000000E+000
   44  0.00000000000000000E+000
   45  0.00000000000000000E+000
   46  0.00000000000000000E+000
   47  0.00000000000000000E+000
   48  0.00000000000000000E+000
   49  0.00000000000000000E+000
   50  0.00000000000000000E+000
   51  0.00000000000000000E+000
   52  0.00000000000000000E+000
   53  0.00000000000000000E+000
   54  0.00000000000000000E+000
   55  0.00000000000000000E+000
   56  0.00000000000000000E+000
   57  0.00000000000000000E+000
   58  0.00000000000000000E+000
   59  0.00000000000000000E+000
   60  0.00000000000000000E+000
   61  0.00000000000000000E+000
   62  0.00000000000000000E+000
   63  0.00000000000000000E+000
   64  0.00000000000000000E+000
   65  0.00000000000000000E+000
   66  0.00000000000000000E+000
   67  0.00000000000000000E+000
   68  0.00000000000000000E+000
   69  0.00000000000000000E+000
   70  0.00000000000000000E+000
   71  0.00000000000000000E+000
   72  0.00000000000000000E+000
   73  0.00000000000000000E+000
   74  0.00000000000000000E+000
   75  0.00000000000000000E+000
   76  0.00000000000000000E+000
   77  0.00000000000000000E+000
   78  0.00000000000000000E+000
   79  0.00000000000000000E+000
   80  0.00000000000000000E+000
   81  0.00000000000000000E+000
   82  0.00000000000000000E+000
   83  0.00000000000000000E+000
   84  0.00000000000000000E+000
   85  0.00000000000000000E+000
   86  0.00000000000000000E+000
   87  0.00000000000000000E+000
   88  0.00000000000000000E+000
   89  0.00000000000000000E+000
   90  0.00000000000000000E+000
   91  0.00000000000000000E+000
   92  0.00000000000000000E+000
   93  0.00000000000000000E+000
   94  0.00000000000000000E+000
   95  0.00000000000000000E+000
   96  0.00000000000000000E+000
   97  0.00000000000000000E+000
   98  0.00000000000000000E+000
   99  0.00000000000000000E+000
  100  0.00000000000000000E+000
  101  0.00000000000000000E+000
  102  0.00000000000000000E+000
  103  0.00000000000000000E+000
  104  0.00000000000000000E+000
  105  0.00000000000000000E+000
  106  0.00000000000000000E+000
  107  0.00000000000000000E+000
  108  0.00000000000000000E+000
  109  0.00000000000000000E+000
  110  0.00000000000000000E+000
  111  0.00000000000000000E+000
  112  0.00000000000000000E+000
  113  0.00000000000000000E+000
  114  0.00000000000000000E+000
  115  0.00000000000000000E+000
  116  0.00000000000000000E+000
  117  0.00000000000000000E+000
  118  0.00000000000000000E+000
  119  0.00000000000000000E+000
  120  0.00000000000000000E+000
  121  0.00000000000000000E+000
  122  0.00000000000000000E+000
  123  0.00000000000000000E+000
  124  0.00000000000000000E+000
  125  0.00000000000000000E+000
  126  0.00000000000000000E+000
  127  0.00000000000000000E+000
  128  0.00000000000000000E+000
  129  0.00000000000000000E+000
  130  0.00000000000000000E+000
  131  0.00000000000000000E+000
  132  0.00000000000000000E+000
  133  0.00000000000000000E+000
  134  0.00000000000000000E+000
  135  0.00000000000000000E+000
  136  0.00000000000000000E+000
  137  0.00000000000000000E+000
  138  0.00000000000000000E+000
  139  0.00000000000000000E+000
  140  0.00000000000000000E+000
  141  0.00000000000000000E+000
  142  0.00000000000000000E+000
  143  0.00000000000000000E+000
  144  0.00000000000000000E+000
  145  0.00000000000000000E+000
  146  0.00000000000000000E+000
  147  0.00000000000000000E+000
  148  0.00000000000000000E+000
  149  0.00000000000000000E+000
  150  0.00000000000000000E+000
  151  0.00000000000000000E+000
## spot_moist_water closure=2.50 mode=B step=1 s_awu n=151
    1  0.00000000000000000E+000
    2  1.66534706692882339E-001
    3  1.62768868810365591E-001
    4  1.56186022595678597E-001
    5  6.74519147034754796E-001
    6  1.07119684460172970E+000
    7  9.78827208907024016E-001
    8  7.38981898842033247E-001
    9  7.33518735556995871E-001
   10  8.23405531188920681E-001
   11  8.89599086117146221E-001
   12  9.63032675549958306E-001
   13  1.02273591800791519E+000
   14  1.03824379161547253E+000
   15  1.02603687461373383E+000
   16  9.75701737079007536E-001
   17  9.48260867945654340E-001
   18  9.04052639247150513E-001
   19  8.29571358549008542E-001
   20  7.94154559408408733E-001
   21  4.99805154228162796E-001
   22  1.66282009350487398E-001
   23  4.17297707878531467E-003
   24  0.00000000000000000E+000
   25  0.00000000000000000E+000
   26  0.00000000000000000E+000
   27  0.00000000000000000E+000
   28  0.00000000000000000E+000
   29  0.00000000000000000E+000
   30  0.00000000000000000E+000
   31  0.00000000000000000E+000
   32  0.00000000000000000E+000
   33  0.00000000000000000E+000
   34  0.00000000000000000E+000
   35  0.00000000000000000E+000
   36  0.00000000000000000E+000
   37  0.00000000000000000E+000
   38  0.00000000000000000E+000
   39  0.00000000000000000E+000
   40  0.00000000000000000E+000
   41  0.00000000000000000E+000
   42  0.00000000000000000E+000
   43  0.00000000000000000E+000
   44  0.00000000000000000E+000
   45  0.00000000000000000E+000
   46  0.00000000000000000E+000
   47  0.00000000000000000E+000
   48  0.00000000000000000E+000
   49  0.00000000000000000E+000
   50  0.00000000000000000E+000
   51  0.00000000000000000E+000
   52  0.00000000000000000E+000
   53  0.00000000000000000E+000
   54  0.00000000000000000E+000
   55  0.00000000000000000E+000
   56  0.00000000000000000E+000
   57  0.00000000000000000E+000
   58  0.00000000000000000E+000
   59  0.00000000000000000E+000
   60  0.00000000000000000E+000
   61  0.00000000000000000E+000
   62  0.00000000000000000E+000
   63  0.00000000000000000E+000
   64  0.00000000000000000E+000
   65  0.00000000000000000E+000
   66  0.00000000000000000E+000
   67  0.00000000000000000E+000
   68  0.00000000000000000E+000
   69  0.00000000000000000E+000
   70  0.00000000000000000E+000
   71  0.00000000000000000E+000
   72  0.00000000000000000E+000
   73  0.00000000000000000E+000
   74  0.00000000000000000E+000
   75  0.00000000000000000E+000
   76  0.00000000000000000E+000
   77  0.00000000000000000E+000
   78  0.00000000000000000E+000
   79  0.00000000000000000E+000
   80  0.00000000000000000E+000
   81  0.00000000000000000E+000
   82  0.00000000000000000E+000
   83  0.00000000000000000E+000
   84  0.00000000000000000E+000
   85  0.00000000000000000E+000
   86  0.00000000000000000E+000
   87  0.00000000000000000E+000
   88  0.00000000000000000E+000
   89  0.00000000000000000E+000
   90  0.00000000000000000E+000
   91  0.00000000000000000E+000
   92  0.00000000000000000E+000
   93  0.00000000000000000E+000
   94  0.00000000000000000E+000
   95  0.00000000000000000E+000
   96  0.00000000000000000E+000
   97  0.00000000000000000E+000
   98  0.00000000000000000E+000
   99  0.00000000000000000E+000
  100  0.00000000000000000E+000
  101  0.00000000000000000E+000
  102  0.00000000000000000E+000
  103  0.00000000000000000E+000
  104  0.00000000000000000E+000
  105  0.00000000000000000E+000
  106  0.00000000000000000E+000
  107  0.00000000000000000E+000
  108  0.00000000000000000E+000
  109  0.00000000000000000E+000
  110  0.00000000000000000E+000
  111  0.00000000000000000E+000
  112  0.00000000000000000E+000
  113  0.00000000000000000E+000
  114  0.00000000000000000E+000
  115  0.00000000000000000E+000
  116  0.00000000000000000E+000
  117  0.00000000000000000E+000
  118  0.00000000000000000E+000
  119  0.00000000000000000E+000
  120  0.00000000000000000E+000
  121  0.00000000000000000E+000
  122  0.00000000000000000E+000
  123  0.00000000000000000E+000
  124  0.00000000000000000E+000
  125  0.00000000000000000E+000
  126  0.00000000000000000E+000
  127  0.00000000000000000E+000
  128  0.00000000000000000E+000
  129  0.00000000000000000E+000
  130  0.00000000000000000E+000
  131  0.00000000000000000E+000
  132  0.00000000000000000E+000
  133  0.00000000000000000E+000
  134  0.00000000000000000E+000
  135  0.00000000000000000E+000
  136  0.00000000000000000E+000
  137  0.00000000000000000E+000
  138  0.00000000000000000E+000
  139  0.00000000000000000E+000
  140  0.00000000000000000E+000
  141  0.00000000000000000E+000
  142  0.00000000000000000E+000
  143  0.00000000000000000E+000
  144  0.00000000000000000E+000
  145  0.00000000000000000E+000
  146  0.00000000000000000E+000
  147  0.00000000000000000E+000
  148  0.00000000000000000E+000
  149  0.00000000000000000E+000
  150  0.00000000000000000E+000
  151  0.00000000000000000E+000
## spot_moist_water closure=2.50 mode=B step=1 s_awv n=151
    1  0.00000000000000000E+000
    2  0.00000000000000000E+000
    3  0.00000000000000000E+000
    4  0.00000000000000000E+000
    5  0.00000000000000000E+000
    6  0.00000000000000000E+000
    7  0.00000000000000000E+000
    8  0.00000000000000000E+000
    9  0.00000000000000000E+000
   10  0.00000000000000000E+000
   11  0.00000000000000000E+000
   12  0.00000000000000000E+000
   13  0.00000000000000000E+000
   14  0.00000000000000000E+000
   15  0.00000000000000000E+000
   16  0.00000000000000000E+000
   17  0.00000000000000000E+000
   18  0.00000000000000000E+000
   19  0.00000000000000000E+000
   20  0.00000000000000000E+000
   21  0.00000000000000000E+000
   22  0.00000000000000000E+000
   23  0.00000000000000000E+000
   24  0.00000000000000000E+000
   25  0.00000000000000000E+000
   26  0.00000000000000000E+000
   27  0.00000000000000000E+000
   28  0.00000000000000000E+000
   29  0.00000000000000000E+000
   30  0.00000000000000000E+000
   31  0.00000000000000000E+000
   32  0.00000000000000000E+000
   33  0.00000000000000000E+000
   34  0.00000000000000000E+000
   35  0.00000000000000000E+000
   36  0.00000000000000000E+000
   37  0.00000000000000000E+000
   38  0.00000000000000000E+000
   39  0.00000000000000000E+000
   40  0.00000000000000000E+000
   41  0.00000000000000000E+000
   42  0.00000000000000000E+000
   43  0.00000000000000000E+000
   44  0.00000000000000000E+000
   45  0.00000000000000000E+000
   46  0.00000000000000000E+000
   47  0.00000000000000000E+000
   48  0.00000000000000000E+000
   49  0.00000000000000000E+000
   50  0.00000000000000000E+000
   51  0.00000000000000000E+000
   52  0.00000000000000000E+000
   53  0.00000000000000000E+000
   54  0.00000000000000000E+000
   55  0.00000000000000000E+000
   56  0.00000000000000000E+000
   57  0.00000000000000000E+000
   58  0.00000000000000000E+000
   59  0.00000000000000000E+000
   60  0.00000000000000000E+000
   61  0.00000000000000000E+000
   62  0.00000000000000000E+000
   63  0.00000000000000000E+000
   64  0.00000000000000000E+000
   65  0.00000000000000000E+000
   66  0.00000000000000000E+000
   67  0.00000000000000000E+000
   68  0.00000000000000000E+000
   69  0.00000000000000000E+000
   70  0.00000000000000000E+000
   71  0.00000000000000000E+000
   72  0.00000000000000000E+000
   73  0.00000000000000000E+000
   74  0.00000000000000000E+000
   75  0.00000000000000000E+000
   76  0.00000000000000000E+000
   77  0.00000000000000000E+000
   78  0.00000000000000000E+000
   79  0.00000000000000000E+000
   80  0.00000000000000000E+000
   81  0.00000000000000000E+000
   82  0.00000000000000000E+000
   83  0.00000000000000000E+000
   84  0.00000000000000000E+000
   85  0.00000000000000000E+000
   86  0.00000000000000000E+000
   87  0.00000000000000000E+000
   88  0.00000000000000000E+000
   89  0.00000000000000000E+000
   90  0.00000000000000000E+000
   91  0.00000000000000000E+000
   92  0.00000000000000000E+000
   93  0.00000000000000000E+000
   94  0.00000000000000000E+000
   95  0.00000000000000000E+000
   96  0.00000000000000000E+000
   97  0.00000000000000000E+000
   98  0.00000000000000000E+000
   99  0.00000000000000000E+000
  100  0.00000000000000000E+000
  101  0.00000000000000000E+000
  102  0.00000000000000000E+000
  103  0.00000000000000000E+000
  104  0.00000000000000000E+000
  105  0.00000000000000000E+000
  106  0.00000000000000000E+000
  107  0.00000000000000000E+000
  108  0.00000000000000000E+000
  109  0.00000000000000000E+000
  110  0.00000000000000000E+000
  111  0.00000000000000000E+000
  112  0.00000000000000000E+000
  113  0.00000000000000000E+000
  114  0.00000000000000000E+000
  115  0.00000000000000000E+000
  116  0.00000000000000000E+000
  117  0.00000000000000000E+000
  118  0.00000000000000000E+000
  119  0.00000000000000000E+000
  120  0.00000000000000000E+000
  121  0.00000000000000000E+000
  122  0.00000000000000000E+000
  123  0.00000000000000000E+000
  124  0.00000000000000000E+000
  125  0.00000000000000000E+000
  126  0.00000000000000000E+000
  127  0.00000000000000000E+000
  128  0.00000000000000000E+000
  129  0.00000000000000000E+000
  130  0.00000000000000000E+000
  131  0.00000000000000000E+000
  132  0.00000000000000000E+000
  133  0.00000000000000000E+000
  134  0.00000000000000000E+000
  135  0.00000000000000000E+000
  136  0.00000000000000000E+000
  137  0.00000000000000000E+000
  138  0.00000000000000000E+000
  139  0.00000000000000000E+000
  140  0.00000000000000000E+000
  141  0.00000000000000000E+000
  142  0.00000000000000000E+000
  143  0.00000000000000000E+000
  144  0.00000000000000000E+000
  145  0.00000000000000000E+000
  146  0.00000000000000000E+000
  147  0.00000000000000000E+000
  148  0.00000000000000000E+000
  149  0.00000000000000000E+000
  150  0.00000000000000000E+000
  151  0.00000000000000000E+000
## spot_moist_water closure=2.50 mode=B step=1 s_awqke n=151
    1  0.00000000000000000E+000
    2  0.00000000000000000E+000
    3  0.00000000000000000E+000
    4  0.00000000000000000E+000
    5  0.00000000000000000E+000
    6  0.00000000000000000E+000
    7  0.00000000000000000E+000
    8  0.00000000000000000E+000
    9  0.00000000000000000E+000
   10  0.00000000000000000E+000
   11  0.00000000000000000E+000
   12  0.00000000000000000E+000
   13  0.00000000000000000E+000
   14  0.00000000000000000E+000
   15  0.00000000000000000E+000
   16  0.00000000000000000E+000
   17  0.00000000000000000E+000
   18  0.00000000000000000E+000
   19  0.00000000000000000E+000
   20  0.00000000000000000E+000
   21  0.00000000000000000E+000
   22  0.00000000000000000E+000
   23  0.00000000000000000E+000
   24  0.00000000000000000E+000
   25  0.00000000000000000E+000
   26  0.00000000000000000E+000
   27  0.00000000000000000E+000
   28  0.00000000000000000E+000
   29  0.00000000000000000E+000
   30  0.00000000000000000E+000
   31  0.00000000000000000E+000
   32  0.00000000000000000E+000
   33  0.00000000000000000E+000
   34  0.00000000000000000E+000
   35  0.00000000000000000E+000
   36  0.00000000000000000E+000
   37  0.00000000000000000E+000
   38  0.00000000000000000E+000
   39  0.00000000000000000E+000
   40  0.00000000000000000E+000
   41  0.00000000000000000E+000
   42  0.00000000000000000E+000
   43  0.00000000000000000E+000
   44  0.00000000000000000E+000
   45  0.00000000000000000E+000
   46  0.00000000000000000E+000
   47  0.00000000000000000E+000
   48  0.00000000000000000E+000
   49  0.00000000000000000E+000
   50  0.00000000000000000E+000
   51  0.00000000000000000E+000
   52  0.00000000000000000E+000
   53  0.00000000000000000E+000
   54  0.00000000000000000E+000
   55  0.00000000000000000E+000
   56  0.00000000000000000E+000
   57  0.00000000000000000E+000
   58  0.00000000000000000E+000
   59  0.00000000000000000E+000
   60  0.00000000000000000E+000
   61  0.00000000000000000E+000
   62  0.00000000000000000E+000
   63  0.00000000000000000E+000
   64  0.00000000000000000E+000
   65  0.00000000000000000E+000
   66  0.00000000000000000E+000
   67  0.00000000000000000E+000
   68  0.00000000000000000E+000
   69  0.00000000000000000E+000
   70  0.00000000000000000E+000
   71  0.00000000000000000E+000
   72  0.00000000000000000E+000
   73  0.00000000000000000E+000
   74  0.00000000000000000E+000
   75  0.00000000000000000E+000
   76  0.00000000000000000E+000
   77  0.00000000000000000E+000
   78  0.00000000000000000E+000
   79  0.00000000000000000E+000
   80  0.00000000000000000E+000
   81  0.00000000000000000E+000
   82  0.00000000000000000E+000
   83  0.00000000000000000E+000
   84  0.00000000000000000E+000
   85  0.00000000000000000E+000
   86  0.00000000000000000E+000
   87  0.00000000000000000E+000
   88  0.00000000000000000E+000
   89  0.00000000000000000E+000
   90  0.00000000000000000E+000
   91  0.00000000000000000E+000
   92  0.00000000000000000E+000
   93  0.00000000000000000E+000
   94  0.00000000000000000E+000
   95  0.00000000000000000E+000
   96  0.00000000000000000E+000
   97  0.00000000000000000E+000
   98  0.00000000000000000E+000
   99  0.00000000000000000E+000
  100  0.00000000000000000E+000
  101  0.00000000000000000E+000
  102  0.00000000000000000E+000
  103  0.00000000000000000E+000
  104  0.00000000000000000E+000
  105  0.00000000000000000E+000
  106  0.00000000000000000E+000
  107  0.00000000000000000E+000
  108  0.00000000000000000E+000
  109  0.00000000000000000E+000
  110  0.00000000000000000E+000
  111  0.00000000000000000E+000
  112  0.00000000000000000E+000
  113  0.00000000000000000E+000
  114  0.00000000000000000E+000
  115  0.00000000000000000E+000
  116  0.00000000000000000E+000
  117  0.00000000000000000E+000
  118  0.00000000000000000E+000
  119  0.00000000000000000E+000
  120  0.00000000000000000E+000
  121  0.00000000000000000E+000
  122  0.00000000000000000E+000
  123  0.00000000000000000E+000
  124  0.00000000000000000E+000
  125  0.00000000000000000E+000
  126  0.00000000000000000E+000
  127  0.00000000000000000E+000
  128  0.00000000000000000E+000
  129  0.00000000000000000E+000
  130  0.00000000000000000E+000
  131  0.00000000000000000E+000
  132  0.00000000000000000E+000
  133  0.00000000000000000E+000
  134  0.00000000000000000E+000
  135  0.00000000000000000E+000
  136  0.00000000000000000E+000
  137  0.00000000000000000E+000
  138  0.00000000000000000E+000
  139  0.00000000000000000E+000
  140  0.00000000000000000E+000
  141  0.00000000000000000E+000
  142  0.00000000000000000E+000
  143  0.00000000000000000E+000
  144  0.00000000000000000E+000
  145  0.00000000000000000E+000
  146  0.00000000000000000E+000
  147  0.00000000000000000E+000
  148  0.00000000000000000E+000
  149  0.00000000000000000E+000
  150  0.00000000000000000E+000
  151  0.00000000000000000E+000
## spot_moist_water closure=2.50 mode=B step=1 sub_thl n=150
    1  0.00000000000000000E+000
    2  0.00000000000000000E+000
    3  0.00000000000000000E+000
    4  0.00000000000000000E+000
    5  0.00000000000000000E+000
    6  0.00000000000000000E+000
    7  0.00000000000000000E+000
    8  0.00000000000000000E+000
    9  0.00000000000000000E+000
   10  0.00000000000000000E+000
   11  0.00000000000000000E+000
   12  0.00000000000000000E+000
   13  0.00000000000000000E+000
   14  0.00000000000000000E+000
   15  0.00000000000000000E+000
   16  0.00000000000000000E+000
   17  0.00000000000000000E+000
   18  0.00000000000000000E+000
   19  0.00000000000000000E+000
   20  0.00000000000000000E+000
   21  0.00000000000000000E+000
   22  0.00000000000000000E+000
   23  0.00000000000000000E+000
   24  0.00000000000000000E+000
   25  0.00000000000000000E+000
   26  0.00000000000000000E+000
   27  0.00000000000000000E+000
   28  0.00000000000000000E+000
   29  0.00000000000000000E+000
   30  0.00000000000000000E+000
   31  0.00000000000000000E+000
   32  0.00000000000000000E+000
   33  0.00000000000000000E+000
   34  0.00000000000000000E+000
   35  0.00000000000000000E+000
   36  0.00000000000000000E+000
   37  0.00000000000000000E+000
   38  0.00000000000000000E+000
   39  0.00000000000000000E+000
   40  0.00000000000000000E+000
   41  0.00000000000000000E+000
   42  0.00000000000000000E+000
   43  0.00000000000000000E+000
   44  0.00000000000000000E+000
   45  0.00000000000000000E+000
   46  0.00000000000000000E+000
   47  0.00000000000000000E+000
   48  0.00000000000000000E+000
   49  0.00000000000000000E+000
   50  0.00000000000000000E+000
   51  0.00000000000000000E+000
   52  0.00000000000000000E+000
   53  0.00000000000000000E+000
   54  0.00000000000000000E+000
   55  0.00000000000000000E+000
   56  0.00000000000000000E+000
   57  0.00000000000000000E+000
   58  0.00000000000000000E+000
   59  0.00000000000000000E+000
   60  0.00000000000000000E+000
   61  0.00000000000000000E+000
   62  0.00000000000000000E+000
   63  0.00000000000000000E+000
   64  0.00000000000000000E+000
   65  0.00000000000000000E+000
   66  0.00000000000000000E+000
   67  0.00000000000000000E+000
   68  0.00000000000000000E+000
   69  0.00000000000000000E+000
   70  0.00000000000000000E+000
   71  0.00000000000000000E+000
   72  0.00000000000000000E+000
   73  0.00000000000000000E+000
   74  0.00000000000000000E+000
   75  0.00000000000000000E+000
   76  0.00000000000000000E+000
   77  0.00000000000000000E+000
   78  0.00000000000000000E+000
   79  0.00000000000000000E+000
   80  0.00000000000000000E+000
   81  0.00000000000000000E+000
   82  0.00000000000000000E+000
   83  0.00000000000000000E+000
   84  0.00000000000000000E+000
   85  0.00000000000000000E+000
   86  0.00000000000000000E+000
   87  0.00000000000000000E+000
   88  0.00000000000000000E+000
   89  0.00000000000000000E+000
   90  0.00000000000000000E+000
   91  0.00000000000000000E+000
   92  0.00000000000000000E+000
   93  0.00000000000000000E+000
   94  0.00000000000000000E+000
   95  0.00000000000000000E+000
   96  0.00000000000000000E+000
   97  0.00000000000000000E+000
   98  0.00000000000000000E+000
   99  0.00000000000000000E+000
  100  0.00000000000000000E+000
  101  0.00000000000000000E+000
  102  0.00000000000000000E+000
  103  0.00000000000000000E+000
  104  0.00000000000000000E+000
  105  0.00000000000000000E+000
  106  0.00000000000000000E+000
  107  0.00000000000000000E+000
  108  0.00000000000000000E+000
  109  0.00000000000000000E+000
  110  0.00000000000000000E+000
  111  0.00000000000000000E+000
  112  0.00000000000000000E+000
  113  0.00000000000000000E+000
  114  0.00000000000000000E+000
  115  0.00000000000000000E+000
  116  0.00000000000000000E+000
  117  0.00000000000000000E+000
  118  0.00000000000000000E+000
  119  0.00000000000000000E+000
  120  0.00000000000000000E+000
  121  0.00000000000000000E+000
  122  0.00000000000000000E+000
  123  0.00000000000000000E+000
  124  0.00000000000000000E+000
  125  0.00000000000000000E+000
  126  0.00000000000000000E+000
  127  0.00000000000000000E+000
  128  0.00000000000000000E+000
  129  0.00000000000000000E+000
  130  0.00000000000000000E+000
  131  0.00000000000000000E+000
  132  0.00000000000000000E+000
  133  0.00000000000000000E+000
  134  0.00000000000000000E+000
  135  0.00000000000000000E+000
  136  0.00000000000000000E+000
  137  0.00000000000000000E+000
  138  0.00000000000000000E+000
  139  0.00000000000000000E+000
  140  0.00000000000000000E+000
  141  0.00000000000000000E+000
  142  0.00000000000000000E+000
  143  0.00000000000000000E+000
  144  0.00000000000000000E+000
  145  0.00000000000000000E+000
  146  0.00000000000000000E+000
  147  0.00000000000000000E+000
  148  0.00000000000000000E+000
  149  0.00000000000000000E+000
  150  0.00000000000000000E+000
## spot_moist_water closure=2.50 mode=B step=1 sub_sqv n=150
    1  0.00000000000000000E+000
    2  0.00000000000000000E+000
    3  0.00000000000000000E+000
    4  0.00000000000000000E+000
    5  0.00000000000000000E+000
    6  0.00000000000000000E+000
    7  0.00000000000000000E+000
    8  0.00000000000000000E+000
    9  0.00000000000000000E+000
   10  0.00000000000000000E+000
   11  0.00000000000000000E+000
   12  0.00000000000000000E+000
   13  0.00000000000000000E+000
   14  0.00000000000000000E+000
   15  0.00000000000000000E+000
   16  0.00000000000000000E+000
   17  0.00000000000000000E+000
   18  0.00000000000000000E+000
   19  0.00000000000000000E+000
   20  0.00000000000000000E+000
   21  0.00000000000000000E+000
   22  0.00000000000000000E+000
   23  0.00000000000000000E+000
   24  0.00000000000000000E+000
   25  0.00000000000000000E+000
   26  0.00000000000000000E+000
   27  0.00000000000000000E+000
   28  0.00000000000000000E+000
   29  0.00000000000000000E+000
   30  0.00000000000000000E+000
   31  0.00000000000000000E+000
   32  0.00000000000000000E+000
   33  0.00000000000000000E+000
   34  0.00000000000000000E+000
   35  0.00000000000000000E+000
   36  0.00000000000000000E+000
   37  0.00000000000000000E+000
   38  0.00000000000000000E+000
   39  0.00000000000000000E+000
   40  0.00000000000000000E+000
   41  0.00000000000000000E+000
   42  0.00000000000000000E+000
   43  0.00000000000000000E+000
   44  0.00000000000000000E+000
   45  0.00000000000000000E+000
   46  0.00000000000000000E+000
   47  0.00000000000000000E+000
   48  0.00000000000000000E+000
   49  0.00000000000000000E+000
   50  0.00000000000000000E+000
   51  0.00000000000000000E+000
   52  0.00000000000000000E+000
   53  0.00000000000000000E+000
   54  0.00000000000000000E+000
   55  0.00000000000000000E+000
   56  0.00000000000000000E+000
   57  0.00000000000000000E+000
   58  0.00000000000000000E+000
   59  0.00000000000000000E+000
   60  0.00000000000000000E+000
   61  0.00000000000000000E+000
   62  0.00000000000000000E+000
   63  0.00000000000000000E+000
   64  0.00000000000000000E+000
   65  0.00000000000000000E+000
   66  0.00000000000000000E+000
   67  0.00000000000000000E+000
   68  0.00000000000000000E+000
   69  0.00000000000000000E+000
   70  0.00000000000000000E+000
   71  0.00000000000000000E+000
   72  0.00000000000000000E+000
   73  0.00000000000000000E+000
   74  0.00000000000000000E+000
   75  0.00000000000000000E+000
   76  0.00000000000000000E+000
   77  0.00000000000000000E+000
   78  0.00000000000000000E+000
   79  0.00000000000000000E+000
   80  0.00000000000000000E+000
   81  0.00000000000000000E+000
   82  0.00000000000000000E+000
   83  0.00000000000000000E+000
   84  0.00000000000000000E+000
   85  0.00000000000000000E+000
   86  0.00000000000000000E+000
   87  0.00000000000000000E+000
   88  0.00000000000000000E+000
   89  0.00000000000000000E+000
   90  0.00000000000000000E+000
   91  0.00000000000000000E+000
   92  0.00000000000000000E+000
   93  0.00000000000000000E+000
   94  0.00000000000000000E+000
   95  0.00000000000000000E+000
   96  0.00000000000000000E+000
   97  0.00000000000000000E+000
   98  0.00000000000000000E+000
   99  0.00000000000000000E+000
  100  0.00000000000000000E+000
  101  0.00000000000000000E+000
  102  0.00000000000000000E+000
  103  0.00000000000000000E+000
  104  0.00000000000000000E+000
  105  0.00000000000000000E+000
  106  0.00000000000000000E+000
  107  0.00000000000000000E+000
  108  0.00000000000000000E+000
  109  0.00000000000000000E+000
  110  0.00000000000000000E+000
  111  0.00000000000000000E+000
  112  0.00000000000000000E+000
  113  0.00000000000000000E+000
  114  0.00000000000000000E+000
  115  0.00000000000000000E+000
  116  0.00000000000000000E+000
  117  0.00000000000000000E+000
  118  0.00000000000000000E+000
  119  0.00000000000000000E+000
  120  0.00000000000000000E+000
  121  0.00000000000000000E+000
  122  0.00000000000000000E+000
  123  0.00000000000000000E+000
  124  0.00000000000000000E+000
  125  0.00000000000000000E+000
  126  0.00000000000000000E+000
  127  0.00000000000000000E+000
  128  0.00000000000000000E+000
  129  0.00000000000000000E+000
  130  0.00000000000000000E+000
  131  0.00000000000000000E+000
  132  0.00000000000000000E+000
  133  0.00000000000000000E+000
  134  0.00000000000000000E+000
  135  0.00000000000000000E+000
  136  0.00000000000000000E+000
  137  0.00000000000000000E+000
  138  0.00000000000000000E+000
  139  0.00000000000000000E+000
  140  0.00000000000000000E+000
  141  0.00000000000000000E+000
  142  0.00000000000000000E+000
  143  0.00000000000000000E+000
  144  0.00000000000000000E+000
  145  0.00000000000000000E+000
  146  0.00000000000000000E+000
  147  0.00000000000000000E+000
  148  0.00000000000000000E+000
  149  0.00000000000000000E+000
  150  0.00000000000000000E+000
## spot_moist_water closure=2.50 mode=B step=1 sub_u n=150
    1  0.00000000000000000E+000
    2  0.00000000000000000E+000
    3  0.00000000000000000E+000
    4  0.00000000000000000E+000
    5  0.00000000000000000E+000
    6  0.00000000000000000E+000
    7  0.00000000000000000E+000
    8  0.00000000000000000E+000
    9  0.00000000000000000E+000
   10  0.00000000000000000E+000
   11  0.00000000000000000E+000
   12  0.00000000000000000E+000
   13  0.00000000000000000E+000
   14  0.00000000000000000E+000
   15  0.00000000000000000E+000
   16  0.00000000000000000E+000
   17  0.00000000000000000E+000
   18  0.00000000000000000E+000
   19  0.00000000000000000E+000
   20  0.00000000000000000E+000
   21  0.00000000000000000E+000
   22  0.00000000000000000E+000
   23  0.00000000000000000E+000
   24  0.00000000000000000E+000
   25  0.00000000000000000E+000
   26  0.00000000000000000E+000
   27  0.00000000000000000E+000
   28  0.00000000000000000E+000
   29  0.00000000000000000E+000
   30  0.00000000000000000E+000
   31  0.00000000000000000E+000
   32  0.00000000000000000E+000
   33  0.00000000000000000E+000
   34  0.00000000000000000E+000
   35  0.00000000000000000E+000
   36  0.00000000000000000E+000
   37  0.00000000000000000E+000
   38  0.00000000000000000E+000
   39  0.00000000000000000E+000
   40  0.00000000000000000E+000
   41  0.00000000000000000E+000
   42  0.00000000000000000E+000
   43  0.00000000000000000E+000
   44  0.00000000000000000E+000
   45  0.00000000000000000E+000
   46  0.00000000000000000E+000
   47  0.00000000000000000E+000
   48  0.00000000000000000E+000
   49  0.00000000000000000E+000
   50  0.00000000000000000E+000
   51  0.00000000000000000E+000
   52  0.00000000000000000E+000
   53  0.00000000000000000E+000
   54  0.00000000000000000E+000
   55  0.00000000000000000E+000
   56  0.00000000000000000E+000
   57  0.00000000000000000E+000
   58  0.00000000000000000E+000
   59  0.00000000000000000E+000
   60  0.00000000000000000E+000
   61  0.00000000000000000E+000
   62  0.00000000000000000E+000
   63  0.00000000000000000E+000
   64  0.00000000000000000E+000
   65  0.00000000000000000E+000
   66  0.00000000000000000E+000
   67  0.00000000000000000E+000
   68  0.00000000000000000E+000
   69  0.00000000000000000E+000
   70  0.00000000000000000E+000
   71  0.00000000000000000E+000
   72  0.00000000000000000E+000
   73  0.00000000000000000E+000
   74  0.00000000000000000E+000
   75  0.00000000000000000E+000
   76  0.00000000000000000E+000
   77  0.00000000000000000E+000
   78  0.00000000000000000E+000
   79  0.00000000000000000E+000
   80  0.00000000000000000E+000
   81  0.00000000000000000E+000
   82  0.00000000000000000E+000
   83  0.00000000000000000E+000
   84  0.00000000000000000E+000
   85  0.00000000000000000E+000
   86  0.00000000000000000E+000
   87  0.00000000000000000E+000
   88  0.00000000000000000E+000
   89  0.00000000000000000E+000
   90  0.00000000000000000E+000
   91  0.00000000000000000E+000
   92  0.00000000000000000E+000
   93  0.00000000000000000E+000
   94  0.00000000000000000E+000
   95  0.00000000000000000E+000
   96  0.00000000000000000E+000
   97  0.00000000000000000E+000
   98  0.00000000000000000E+000
   99  0.00000000000000000E+000
  100  0.00000000000000000E+000
  101  0.00000000000000000E+000
  102  0.00000000000000000E+000
  103  0.00000000000000000E+000
  104  0.00000000000000000E+000
  105  0.00000000000000000E+000
  106  0.00000000000000000E+000
  107  0.00000000000000000E+000
  108  0.00000000000000000E+000
  109  0.00000000000000000E+000
  110  0.00000000000000000E+000
  111  0.00000000000000000E+000
  112  0.00000000000000000E+000
  113  0.00000000000000000E+000
  114  0.00000000000000000E+000
  115  0.00000000000000000E+000
  116  0.00000000000000000E+000
  117  0.00000000000000000E+000
  118  0.00000000000000000E+000
  119  0.00000000000000000E+000
  120  0.00000000000000000E+000
  121  0.00000000000000000E+000
  122  0.00000000000000000E+000
  123  0.00000000000000000E+000
  124  0.00000000000000000E+000
  125  0.00000000000000000E+000
  126  0.00000000000000000E+000
  127  0.00000000000000000E+000
  128  0.00000000000000000E+000
  129  0.00000000000000000E+000
  130  0.00000000000000000E+000
  131  0.00000000000000000E+000
  132  0.00000000000000000E+000
  133  0.00000000000000000E+000
  134  0.00000000000000000E+000
  135  0.00000000000000000E+000
  136  0.00000000000000000E+000
  137  0.00000000000000000E+000
  138  0.00000000000000000E+000
  139  0.00000000000000000E+000
  140  0.00000000000000000E+000
  141  0.00000000000000000E+000
  142  0.00000000000000000E+000
  143  0.00000000000000000E+000
  144  0.00000000000000000E+000
  145  0.00000000000000000E+000
  146  0.00000000000000000E+000
  147  0.00000000000000000E+000
  148  0.00000000000000000E+000
  149  0.00000000000000000E+000
  150  0.00000000000000000E+000
## spot_moist_water closure=2.50 mode=B step=1 sub_v n=150
    1  0.00000000000000000E+000
    2  0.00000000000000000E+000
    3  0.00000000000000000E+000
    4  0.00000000000000000E+000
    5  0.00000000000000000E+000
    6  0.00000000000000000E+000
    7  0.00000000000000000E+000
    8  0.00000000000000000E+000
    9  0.00000000000000000E+000
   10  0.00000000000000000E+000
   11  0.00000000000000000E+000
   12  0.00000000000000000E+000
   13  0.00000000000000000E+000
   14  0.00000000000000000E+000
   15  0.00000000000000000E+000
   16  0.00000000000000000E+000
   17  0.00000000000000000E+000
   18  0.00000000000000000E+000
   19  0.00000000000000000E+000
   20  0.00000000000000000E+000
   21  0.00000000000000000E+000
   22  0.00000000000000000E+000
   23  0.00000000000000000E+000
   24  0.00000000000000000E+000
   25  0.00000000000000000E+000
   26  0.00000000000000000E+000
   27  0.00000000000000000E+000
   28  0.00000000000000000E+000
   29  0.00000000000000000E+000
   30  0.00000000000000000E+000
   31  0.00000000000000000E+000
   32  0.00000000000000000E+000
   33  0.00000000000000000E+000
   34  0.00000000000000000E+000
   35  0.00000000000000000E+000
   36  0.00000000000000000E+000
   37  0.00000000000000000E+000
   38  0.00000000000000000E+000
   39  0.00000000000000000E+000
   40  0.00000000000000000E+000
   41  0.00000000000000000E+000
   42  0.00000000000000000E+000
   43  0.00000000000000000E+000
   44  0.00000000000000000E+000
   45  0.00000000000000000E+000
   46  0.00000000000000000E+000
   47  0.00000000000000000E+000
   48  0.00000000000000000E+000
   49  0.00000000000000000E+000
   50  0.00000000000000000E+000
   51  0.00000000000000000E+000
   52  0.00000000000000000E+000
   53  0.00000000000000000E+000
   54  0.00000000000000000E+000
   55  0.00000000000000000E+000
   56  0.00000000000000000E+000
   57  0.00000000000000000E+000
   58  0.00000000000000000E+000
   59  0.00000000000000000E+000
   60  0.00000000000000000E+000
   61  0.00000000000000000E+000
   62  0.00000000000000000E+000
   63  0.00000000000000000E+000
   64  0.00000000000000000E+000
   65  0.00000000000000000E+000
   66  0.00000000000000000E+000
   67  0.00000000000000000E+000
   68  0.00000000000000000E+000
   69  0.00000000000000000E+000
   70  0.00000000000000000E+000
   71  0.00000000000000000E+000
   72  0.00000000000000000E+000
   73  0.00000000000000000E+000
   74  0.00000000000000000E+000
   75  0.00000000000000000E+000
   76  0.00000000000000000E+000
   77  0.00000000000000000E+000
   78  0.00000000000000000E+000
   79  0.00000000000000000E+000
   80  0.00000000000000000E+000
   81  0.00000000000000000E+000
   82  0.00000000000000000E+000
   83  0.00000000000000000E+000
   84  0.00000000000000000E+000
   85  0.00000000000000000E+000
   86  0.00000000000000000E+000
   87  0.00000000000000000E+000
   88  0.00000000000000000E+000
   89  0.00000000000000000E+000
   90  0.00000000000000000E+000
   91  0.00000000000000000E+000
   92  0.00000000000000000E+000
   93  0.00000000000000000E+000
   94  0.00000000000000000E+000
   95  0.00000000000000000E+000
   96  0.00000000000000000E+000
   97  0.00000000000000000E+000
   98  0.00000000000000000E+000
   99  0.00000000000000000E+000
  100  0.00000000000000000E+000
  101  0.00000000000000000E+000
  102  0.00000000000000000E+000
  103  0.00000000000000000E+000
  104  0.00000000000000000E+000
  105  0.00000000000000000E+000
  106  0.00000000000000000E+000
  107  0.00000000000000000E+000
  108  0.00000000000000000E+000
  109  0.00000000000000000E+000
  110  0.00000000000000000E+000
  111  0.00000000000000000E+000
  112  0.00000000000000000E+000
  113  0.00000000000000000E+000
  114  0.00000000000000000E+000
  115  0.00000000000000000E+000
  116  0.00000000000000000E+000
  117  0.00000000000000000E+000
  118  0.00000000000000000E+000
  119  0.00000000000000000E+000
  120  0.00000000000000000E+000
  121  0.00000000000000000E+000
  122  0.00000000000000000E+000
  123  0.00000000000000000E+000
  124  0.00000000000000000E+000
  125  0.00000000000000000E+000
  126  0.00000000000000000E+000
  127  0.00000000000000000E+000
  128  0.00000000000000000E+000
  129  0.00000000000000000E+000
  130  0.00000000000000000E+000
  131  0.00000000000000000E+000
  132  0.00000000000000000E+000
  133  0.00000000000000000E+000
  134  0.00000000000000000E+000
  135  0.00000000000000000E+000
  136  0.00000000000000000E+000
  137  0.00000000000000000E+000
  138  0.00000000000000000E+000
  139  0.00000000000000000E+000
  140  0.00000000000000000E+000
  141  0.00000000000000000E+000
  142  0.00000000000000000E+000
  143  0.00000000000000000E+000
  144  0.00000000000000000E+000
  145  0.00000000000000000E+000
  146  0.00000000000000000E+000
  147  0.00000000000000000E+000
  148  0.00000000000000000E+000
  149  0.00000000000000000E+000
  150  0.00000000000000000E+000
## spot_moist_water closure=2.50 mode=B step=1 det_thl n=150
    1  0.00000000000000000E+000
    2  0.00000000000000000E+000
    3  0.00000000000000000E+000
    4  0.00000000000000000E+000
    5  0.00000000000000000E+000
    6  0.00000000000000000E+000
    7  0.00000000000000000E+000
    8  0.00000000000000000E+000
    9  0.00000000000000000E+000
   10  0.00000000000000000E+000
   11  0.00000000000000000E+000
   12  0.00000000000000000E+000
   13  0.00000000000000000E+000
   14  0.00000000000000000E+000
   15  0.00000000000000000E+000
   16  0.00000000000000000E+000
   17  0.00000000000000000E+000
   18  0.00000000000000000E+000
   19  0.00000000000000000E+000
   20  0.00000000000000000E+000
   21  0.00000000000000000E+000
   22  0.00000000000000000E+000
   23  0.00000000000000000E+000
   24  0.00000000000000000E+000
   25  0.00000000000000000E+000
   26  0.00000000000000000E+000
   27  0.00000000000000000E+000
   28  0.00000000000000000E+000
   29  0.00000000000000000E+000
   30  0.00000000000000000E+000
   31  0.00000000000000000E+000
   32  0.00000000000000000E+000
   33  0.00000000000000000E+000
   34  0.00000000000000000E+000
   35  0.00000000000000000E+000
   36  0.00000000000000000E+000
   37  0.00000000000000000E+000
   38  0.00000000000000000E+000
   39  0.00000000000000000E+000
   40  0.00000000000000000E+000
   41  0.00000000000000000E+000
   42  0.00000000000000000E+000
   43  0.00000000000000000E+000
   44  0.00000000000000000E+000
   45  0.00000000000000000E+000
   46  0.00000000000000000E+000
   47  0.00000000000000000E+000
   48  0.00000000000000000E+000
   49  0.00000000000000000E+000
   50  0.00000000000000000E+000
   51  0.00000000000000000E+000
   52  0.00000000000000000E+000
   53  0.00000000000000000E+000
   54  0.00000000000000000E+000
   55  0.00000000000000000E+000
   56  0.00000000000000000E+000
   57  0.00000000000000000E+000
   58  0.00000000000000000E+000
   59  0.00000000000000000E+000
   60  0.00000000000000000E+000
   61  0.00000000000000000E+000
   62  0.00000000000000000E+000
   63  0.00000000000000000E+000
   64  0.00000000000000000E+000
   65  0.00000000000000000E+000
   66  0.00000000000000000E+000
   67  0.00000000000000000E+000
   68  0.00000000000000000E+000
   69  0.00000000000000000E+000
   70  0.00000000000000000E+000
   71  0.00000000000000000E+000
   72  0.00000000000000000E+000
   73  0.00000000000000000E+000
   74  0.00000000000000000E+000
   75  0.00000000000000000E+000
   76  0.00000000000000000E+000
   77  0.00000000000000000E+000
   78  0.00000000000000000E+000
   79  0.00000000000000000E+000
   80  0.00000000000000000E+000
   81  0.00000000000000000E+000
   82  0.00000000000000000E+000
   83  0.00000000000000000E+000
   84  0.00000000000000000E+000
   85  0.00000000000000000E+000
   86  0.00000000000000000E+000
   87  0.00000000000000000E+000
   88  0.00000000000000000E+000
   89  0.00000000000000000E+000
   90  0.00000000000000000E+000
   91  0.00000000000000000E+000
   92  0.00000000000000000E+000
   93  0.00000000000000000E+000
   94  0.00000000000000000E+000
   95  0.00000000000000000E+000
   96  0.00000000000000000E+000
   97  0.00000000000000000E+000
   98  0.00000000000000000E+000
   99  0.00000000000000000E+000
  100  0.00000000000000000E+000
  101  0.00000000000000000E+000
  102  0.00000000000000000E+000
  103  0.00000000000000000E+000
  104  0.00000000000000000E+000
  105  0.00000000000000000E+000
  106  0.00000000000000000E+000
  107  0.00000000000000000E+000
  108  0.00000000000000000E+000
  109  0.00000000000000000E+000
  110  0.00000000000000000E+000
  111  0.00000000000000000E+000
  112  0.00000000000000000E+000
  113  0.00000000000000000E+000
  114  0.00000000000000000E+000
  115  0.00000000000000000E+000
  116  0.00000000000000000E+000
  117  0.00000000000000000E+000
  118  0.00000000000000000E+000
  119  0.00000000000000000E+000
  120  0.00000000000000000E+000
  121  0.00000000000000000E+000
  122  0.00000000000000000E+000
  123  0.00000000000000000E+000
  124  0.00000000000000000E+000
  125  0.00000000000000000E+000
  126  0.00000000000000000E+000
  127  0.00000000000000000E+000
  128  0.00000000000000000E+000
  129  0.00000000000000000E+000
  130  0.00000000000000000E+000
  131  0.00000000000000000E+000
  132  0.00000000000000000E+000
  133  0.00000000000000000E+000
  134  0.00000000000000000E+000
  135  0.00000000000000000E+000
  136  0.00000000000000000E+000
  137  0.00000000000000000E+000
  138  0.00000000000000000E+000
  139  0.00000000000000000E+000
  140  0.00000000000000000E+000
  141  0.00000000000000000E+000
  142  0.00000000000000000E+000
  143  0.00000000000000000E+000
  144  0.00000000000000000E+000
  145  0.00000000000000000E+000
  146  0.00000000000000000E+000
  147  0.00000000000000000E+000
  148  0.00000000000000000E+000
  149  0.00000000000000000E+000
  150  0.00000000000000000E+000
## spot_moist_water closure=2.50 mode=B step=1 det_sqv n=150
    1  0.00000000000000000E+000
    2  0.00000000000000000E+000
    3  0.00000000000000000E+000
    4  0.00000000000000000E+000
    5  0.00000000000000000E+000
    6  0.00000000000000000E+000
    7  0.00000000000000000E+000
    8  0.00000000000000000E+000
    9  0.00000000000000000E+000
   10  0.00000000000000000E+000
   11  0.00000000000000000E+000
   12  0.00000000000000000E+000
   13  0.00000000000000000E+000
   14  0.00000000000000000E+000
   15  0.00000000000000000E+000
   16  0.00000000000000000E+000
   17  0.00000000000000000E+000
   18  0.00000000000000000E+000
   19  0.00000000000000000E+000
   20  0.00000000000000000E+000
   21  0.00000000000000000E+000
   22  0.00000000000000000E+000
   23  0.00000000000000000E+000
   24  0.00000000000000000E+000
   25  0.00000000000000000E+000
   26  0.00000000000000000E+000
   27  0.00000000000000000E+000
   28  0.00000000000000000E+000
   29  0.00000000000000000E+000
   30  0.00000000000000000E+000
   31  0.00000000000000000E+000
   32  0.00000000000000000E+000
   33  0.00000000000000000E+000
   34  0.00000000000000000E+000
   35  0.00000000000000000E+000
   36  0.00000000000000000E+000
   37  0.00000000000000000E+000
   38  0.00000000000000000E+000
   39  0.00000000000000000E+000
   40  0.00000000000000000E+000
   41  0.00000000000000000E+000
   42  0.00000000000000000E+000
   43  0.00000000000000000E+000
   44  0.00000000000000000E+000
   45  0.00000000000000000E+000
   46  0.00000000000000000E+000
   47  0.00000000000000000E+000
   48  0.00000000000000000E+000
   49  0.00000000000000000E+000
   50  0.00000000000000000E+000
   51  0.00000000000000000E+000
   52  0.00000000000000000E+000
   53  0.00000000000000000E+000
   54  0.00000000000000000E+000
   55  0.00000000000000000E+000
   56  0.00000000000000000E+000
   57  0.00000000000000000E+000
   58  0.00000000000000000E+000
   59  0.00000000000000000E+000
   60  0.00000000000000000E+000
   61  0.00000000000000000E+000
   62  0.00000000000000000E+000
   63  0.00000000000000000E+000
   64  0.00000000000000000E+000
   65  0.00000000000000000E+000
   66  0.00000000000000000E+000
   67  0.00000000000000000E+000
   68  0.00000000000000000E+000
   69  0.00000000000000000E+000
   70  0.00000000000000000E+000
   71  0.00000000000000000E+000
   72  0.00000000000000000E+000
   73  0.00000000000000000E+000
   74  0.00000000000000000E+000
   75  0.00000000000000000E+000
   76  0.00000000000000000E+000
   77  0.00000000000000000E+000
   78  0.00000000000000000E+000
   79  0.00000000000000000E+000
   80  0.00000000000000000E+000
   81  0.00000000000000000E+000
   82  0.00000000000000000E+000
   83  0.00000000000000000E+000
   84  0.00000000000000000E+000
   85  0.00000000000000000E+000
   86  0.00000000000000000E+000
   87  0.00000000000000000E+000
   88  0.00000000000000000E+000
   89  0.00000000000000000E+000
   90  0.00000000000000000E+000
   91  0.00000000000000000E+000
   92  0.00000000000000000E+000
   93  0.00000000000000000E+000
   94  0.00000000000000000E+000
   95  0.00000000000000000E+000
   96  0.00000000000000000E+000
   97  0.00000000000000000E+000
   98  0.00000000000000000E+000
   99  0.00000000000000000E+000
  100  0.00000000000000000E+000
  101  0.00000000000000000E+000
  102  0.00000000000000000E+000
  103  0.00000000000000000E+000
  104  0.00000000000000000E+000
  105  0.00000000000000000E+000
  106  0.00000000000000000E+000
  107  0.00000000000000000E+000
  108  0.00000000000000000E+000
  109  0.00000000000000000E+000
  110  0.00000000000000000E+000
  111  0.00000000000000000E+000
  112  0.00000000000000000E+000
  113  0.00000000000000000E+000
  114  0.00000000000000000E+000
  115  0.00000000000000000E+000
  116  0.00000000000000000E+000
  117  0.00000000000000000E+000
  118  0.00000000000000000E+000
  119  0.00000000000000000E+000
  120  0.00000000000000000E+000
  121  0.00000000000000000E+000
  122  0.00000000000000000E+000
  123  0.00000000000000000E+000
  124  0.00000000000000000E+000
  125  0.00000000000000000E+000
  126  0.00000000000000000E+000
  127  0.00000000000000000E+000
  128  0.00000000000000000E+000
  129  0.00000000000000000E+000
  130  0.00000000000000000E+000
  131  0.00000000000000000E+000
  132  0.00000000000000000E+000
  133  0.00000000000000000E+000
  134  0.00000000000000000E+000
  135  0.00000000000000000E+000
  136  0.00000000000000000E+000
  137  0.00000000000000000E+000
  138  0.00000000000000000E+000
  139  0.00000000000000000E+000
  140  0.00000000000000000E+000
  141  0.00000000000000000E+000
  142  0.00000000000000000E+000
  143  0.00000000000000000E+000
  144  0.00000000000000000E+000
  145  0.00000000000000000E+000
  146  0.00000000000000000E+000
  147  0.00000000000000000E+000
  148  0.00000000000000000E+000
  149  0.00000000000000000E+000
  150  0.00000000000000000E+000
## spot_moist_water closure=2.50 mode=B step=1 det_sqc n=150
    1  0.00000000000000000E+000
    2  0.00000000000000000E+000
    3  0.00000000000000000E+000
    4  0.00000000000000000E+000
    5  0.00000000000000000E+000
    6  0.00000000000000000E+000
    7  0.00000000000000000E+000
    8  0.00000000000000000E+000
    9  0.00000000000000000E+000
   10  0.00000000000000000E+000
   11  0.00000000000000000E+000
   12  0.00000000000000000E+000
   13  0.00000000000000000E+000
   14  0.00000000000000000E+000
   15  0.00000000000000000E+000
   16  0.00000000000000000E+000
   17  0.00000000000000000E+000
   18  0.00000000000000000E+000
   19  0.00000000000000000E+000
   20  0.00000000000000000E+000
   21  0.00000000000000000E+000
   22  0.00000000000000000E+000
   23  0.00000000000000000E+000
   24  0.00000000000000000E+000
   25  0.00000000000000000E+000
   26  0.00000000000000000E+000
   27  0.00000000000000000E+000
   28  0.00000000000000000E+000
   29  0.00000000000000000E+000
   30  0.00000000000000000E+000
   31  0.00000000000000000E+000
   32  0.00000000000000000E+000
   33  0.00000000000000000E+000
   34  0.00000000000000000E+000
   35  0.00000000000000000E+000
   36  0.00000000000000000E+000
   37  0.00000000000000000E+000
   38  0.00000000000000000E+000
   39  0.00000000000000000E+000
   40  0.00000000000000000E+000
   41  0.00000000000000000E+000
   42  0.00000000000000000E+000
   43  0.00000000000000000E+000
   44  0.00000000000000000E+000
   45  0.00000000000000000E+000
   46  0.00000000000000000E+000
   47  0.00000000000000000E+000
   48  0.00000000000000000E+000
   49  0.00000000000000000E+000
   50  0.00000000000000000E+000
   51  0.00000000000000000E+000
   52  0.00000000000000000E+000
   53  0.00000000000000000E+000
   54  0.00000000000000000E+000
   55  0.00000000000000000E+000
   56  0.00000000000000000E+000
   57  0.00000000000000000E+000
   58  0.00000000000000000E+000
   59  0.00000000000000000E+000
   60  0.00000000000000000E+000
   61  0.00000000000000000E+000
   62  0.00000000000000000E+000
   63  0.00000000000000000E+000
   64  0.00000000000000000E+000
   65  0.00000000000000000E+000
   66  0.00000000000000000E+000
   67  0.00000000000000000E+000
   68  0.00000000000000000E+000
   69  0.00000000000000000E+000
   70  0.00000000000000000E+000
   71  0.00000000000000000E+000
   72  0.00000000000000000E+000
   73  0.00000000000000000E+000
   74  0.00000000000000000E+000
   75  0.00000000000000000E+000
   76  0.00000000000000000E+000
   77  0.00000000000000000E+000
   78  0.00000000000000000E+000
   79  0.00000000000000000E+000
   80  0.00000000000000000E+000
   81  0.00000000000000000E+000
   82  0.00000000000000000E+000
   83  0.00000000000000000E+000
   84  0.00000000000000000E+000
   85  0.00000000000000000E+000
   86  0.00000000000000000E+000
   87  0.00000000000000000E+000
   88  0.00000000000000000E+000
   89  0.00000000000000000E+000
   90  0.00000000000000000E+000
   91  0.00000000000000000E+000
   92  0.00000000000000000E+000
   93  0.00000000000000000E+000
   94  0.00000000000000000E+000
   95  0.00000000000000000E+000
   96  0.00000000000000000E+000
   97  0.00000000000000000E+000
   98  0.00000000000000000E+000
   99  0.00000000000000000E+000
  100  0.00000000000000000E+000
  101  0.00000000000000000E+000
  102  0.00000000000000000E+000
  103  0.00000000000000000E+000
  104  0.00000000000000000E+000
  105  0.00000000000000000E+000
  106  0.00000000000000000E+000
  107  0.00000000000000000E+000
  108  0.00000000000000000E+000
  109  0.00000000000000000E+000
  110  0.00000000000000000E+000
  111  0.00000000000000000E+000
  112  0.00000000000000000E+000
  113  0.00000000000000000E+000
  114  0.00000000000000000E+000
  115  0.00000000000000000E+000
  116  0.00000000000000000E+000
  117  0.00000000000000000E+000
  118  0.00000000000000000E+000
  119  0.00000000000000000E+000
  120  0.00000000000000000E+000
  121  0.00000000000000000E+000
  122  0.00000000000000000E+000
  123  0.00000000000000000E+000
  124  0.00000000000000000E+000
  125  0.00000000000000000E+000
  126  0.00000000000000000E+000
  127  0.00000000000000000E+000
  128  0.00000000000000000E+000
  129  0.00000000000000000E+000
  130  0.00000000000000000E+000
  131  0.00000000000000000E+000
  132  0.00000000000000000E+000
  133  0.00000000000000000E+000
  134  0.00000000000000000E+000
  135  0.00000000000000000E+000
  136  0.00000000000000000E+000
  137  0.00000000000000000E+000
  138  0.00000000000000000E+000
  139  0.00000000000000000E+000
  140  0.00000000000000000E+000
  141  0.00000000000000000E+000
  142  0.00000000000000000E+000
  143  0.00000000000000000E+000
  144  0.00000000000000000E+000
  145  0.00000000000000000E+000
  146  0.00000000000000000E+000
  147  0.00000000000000000E+000
  148  0.00000000000000000E+000
  149  0.00000000000000000E+000
  150  0.00000000000000000E+000
## spot_moist_water closure=2.50 mode=B step=1 det_u n=150
    1  0.00000000000000000E+000
    2  0.00000000000000000E+000
    3  0.00000000000000000E+000
    4  0.00000000000000000E+000
    5  0.00000000000000000E+000
    6  0.00000000000000000E+000
    7  0.00000000000000000E+000
    8  0.00000000000000000E+000
    9  0.00000000000000000E+000
   10  0.00000000000000000E+000
   11  0.00000000000000000E+000
   12  0.00000000000000000E+000
   13  0.00000000000000000E+000
   14  0.00000000000000000E+000
   15  0.00000000000000000E+000
   16  0.00000000000000000E+000
   17  0.00000000000000000E+000
   18  0.00000000000000000E+000
   19  0.00000000000000000E+000
   20  0.00000000000000000E+000
   21  0.00000000000000000E+000
   22  0.00000000000000000E+000
   23  0.00000000000000000E+000
   24  0.00000000000000000E+000
   25  0.00000000000000000E+000
   26  0.00000000000000000E+000
   27  0.00000000000000000E+000
   28  0.00000000000000000E+000
   29  0.00000000000000000E+000
   30  0.00000000000000000E+000
   31  0.00000000000000000E+000
   32  0.00000000000000000E+000
   33  0.00000000000000000E+000
   34  0.00000000000000000E+000
   35  0.00000000000000000E+000
   36  0.00000000000000000E+000
   37  0.00000000000000000E+000
   38  0.00000000000000000E+000
   39  0.00000000000000000E+000
   40  0.00000000000000000E+000
   41  0.00000000000000000E+000
   42  0.00000000000000000E+000
   43  0.00000000000000000E+000
   44  0.00000000000000000E+000
   45  0.00000000000000000E+000
   46  0.00000000000000000E+000
   47  0.00000000000000000E+000
   48  0.00000000000000000E+000
   49  0.00000000000000000E+000
   50  0.00000000000000000E+000
   51  0.00000000000000000E+000
   52  0.00000000000000000E+000
   53  0.00000000000000000E+000
   54  0.00000000000000000E+000
   55  0.00000000000000000E+000
   56  0.00000000000000000E+000
   57  0.00000000000000000E+000
   58  0.00000000000000000E+000
   59  0.00000000000000000E+000
   60  0.00000000000000000E+000
   61  0.00000000000000000E+000
   62  0.00000000000000000E+000
   63  0.00000000000000000E+000
   64  0.00000000000000000E+000
   65  0.00000000000000000E+000
   66  0.00000000000000000E+000
   67  0.00000000000000000E+000
   68  0.00000000000000000E+000
   69  0.00000000000000000E+000
   70  0.00000000000000000E+000
   71  0.00000000000000000E+000
   72  0.00000000000000000E+000
   73  0.00000000000000000E+000
   74  0.00000000000000000E+000
   75  0.00000000000000000E+000
   76  0.00000000000000000E+000
   77  0.00000000000000000E+000
   78  0.00000000000000000E+000
   79  0.00000000000000000E+000
   80  0.00000000000000000E+000
   81  0.00000000000000000E+000
   82  0.00000000000000000E+000
   83  0.00000000000000000E+000
   84  0.00000000000000000E+000
   85  0.00000000000000000E+000
   86  0.00000000000000000E+000
   87  0.00000000000000000E+000
   88  0.00000000000000000E+000
   89  0.00000000000000000E+000
   90  0.00000000000000000E+000
   91  0.00000000000000000E+000
   92  0.00000000000000000E+000
   93  0.00000000000000000E+000
   94  0.00000000000000000E+000
   95  0.00000000000000000E+000
   96  0.00000000000000000E+000
   97  0.00000000000000000E+000
   98  0.00000000000000000E+000
   99  0.00000000000000000E+000
  100  0.00000000000000000E+000
  101  0.00000000000000000E+000
  102  0.00000000000000000E+000
  103  0.00000000000000000E+000
  104  0.00000000000000000E+000
  105  0.00000000000000000E+000
  106  0.00000000000000000E+000
  107  0.00000000000000000E+000
  108  0.00000000000000000E+000
  109  0.00000000000000000E+000
  110  0.00000000000000000E+000
  111  0.00000000000000000E+000
  112  0.00000000000000000E+000
  113  0.00000000000000000E+000
  114  0.00000000000000000E+000
  115  0.00000000000000000E+000
  116  0.00000000000000000E+000
  117  0.00000000000000000E+000
  118  0.00000000000000000E+000
  119  0.00000000000000000E+000
  120  0.00000000000000000E+000
  121  0.00000000000000000E+000
  122  0.00000000000000000E+000
  123  0.00000000000000000E+000
  124  0.00000000000000000E+000
  125  0.00000000000000000E+000
  126  0.00000000000000000E+000
  127  0.00000000000000000E+000
  128  0.00000000000000000E+000
  129  0.00000000000000000E+000
  130  0.00000000000000000E+000
  131  0.00000000000000000E+000
  132  0.00000000000000000E+000
  133  0.00000000000000000E+000
  134  0.00000000000000000E+000
  135  0.00000000000000000E+000
  136  0.00000000000000000E+000
  137  0.00000000000000000E+000
  138  0.00000000000000000E+000
  139  0.00000000000000000E+000
  140  0.00000000000000000E+000
  141  0.00000000000000000E+000
  142  0.00000000000000000E+000
  143  0.00000000000000000E+000
  144  0.00000000000000000E+000
  145  0.00000000000000000E+000
  146  0.00000000000000000E+000
  147  0.00000000000000000E+000
  148  0.00000000000000000E+000
  149  0.00000000000000000E+000
  150  0.00000000000000000E+000
## spot_moist_water closure=2.50 mode=B step=1 det_v n=150
    1  0.00000000000000000E+000
    2  0.00000000000000000E+000
    3  0.00000000000000000E+000
    4  0.00000000000000000E+000
    5  0.00000000000000000E+000
    6  0.00000000000000000E+000
    7  0.00000000000000000E+000
    8  0.00000000000000000E+000
    9  0.00000000000000000E+000
   10  0.00000000000000000E+000
   11  0.00000000000000000E+000
   12  0.00000000000000000E+000
   13  0.00000000000000000E+000
   14  0.00000000000000000E+000
   15  0.00000000000000000E+000
   16  0.00000000000000000E+000
   17  0.00000000000000000E+000
   18  0.00000000000000000E+000
   19  0.00000000000000000E+000
   20  0.00000000000000000E+000
   21  0.00000000000000000E+000
   22  0.00000000000000000E+000
   23  0.00000000000000000E+000
   24  0.00000000000000000E+000
   25  0.00000000000000000E+000
   26  0.00000000000000000E+000
   27  0.00000000000000000E+000
   28  0.00000000000000000E+000
   29  0.00000000000000000E+000
   30  0.00000000000000000E+000
   31  0.00000000000000000E+000
   32  0.00000000000000000E+000
   33  0.00000000000000000E+000
   34  0.00000000000000000E+000
   35  0.00000000000000000E+000
   36  0.00000000000000000E+000
   37  0.00000000000000000E+000
   38  0.00000000000000000E+000
   39  0.00000000000000000E+000
   40  0.00000000000000000E+000
   41  0.00000000000000000E+000
   42  0.00000000000000000E+000
   43  0.00000000000000000E+000
   44  0.00000000000000000E+000
   45  0.00000000000000000E+000
   46  0.00000000000000000E+000
   47  0.00000000000000000E+000
   48  0.00000000000000000E+000
   49  0.00000000000000000E+000
   50  0.00000000000000000E+000
   51  0.00000000000000000E+000
   52  0.00000000000000000E+000
   53  0.00000000000000000E+000
   54  0.00000000000000000E+000
   55  0.00000000000000000E+000
   56  0.00000000000000000E+000
   57  0.00000000000000000E+000
   58  0.00000000000000000E+000
   59  0.00000000000000000E+000
   60  0.00000000000000000E+000
   61  0.00000000000000000E+000
   62  0.00000000000000000E+000
   63  0.00000000000000000E+000
   64  0.00000000000000000E+000
   65  0.00000000000000000E+000
   66  0.00000000000000000E+000
   67  0.00000000000000000E+000
   68  0.00000000000000000E+000
   69  0.00000000000000000E+000
   70  0.00000000000000000E+000
   71  0.00000000000000000E+000
   72  0.00000000000000000E+000
   73  0.00000000000000000E+000
   74  0.00000000000000000E+000
   75  0.00000000000000000E+000
   76  0.00000000000000000E+000
   77  0.00000000000000000E+000
   78  0.00000000000000000E+000
   79  0.00000000000000000E+000
   80  0.00000000000000000E+000
   81  0.00000000000000000E+000
   82  0.00000000000000000E+000
   83  0.00000000000000000E+000
   84  0.00000000000000000E+000
   85  0.00000000000000000E+000
   86  0.00000000000000000E+000
   87  0.00000000000000000E+000
   88  0.00000000000000000E+000
   89  0.00000000000000000E+000
   90  0.00000000000000000E+000
   91  0.00000000000000000E+000
   92  0.00000000000000000E+000
   93  0.00000000000000000E+000
   94  0.00000000000000000E+000
   95  0.00000000000000000E+000
   96  0.00000000000000000E+000
   97  0.00000000000000000E+000
   98  0.00000000000000000E+000
   99  0.00000000000000000E+000
  100  0.00000000000000000E+000
  101  0.00000000000000000E+000
  102  0.00000000000000000E+000
  103  0.00000000000000000E+000
  104  0.00000000000000000E+000
  105  0.00000000000000000E+000
  106  0.00000000000000000E+000
  107  0.00000000000000000E+000
  108  0.00000000000000000E+000
  109  0.00000000000000000E+000
  110  0.00000000000000000E+000
  111  0.00000000000000000E+000
  112  0.00000000000000000E+000
  113  0.00000000000000000E+000
  114  0.00000000000000000E+000
  115  0.00000000000000000E+000
  116  0.00000000000000000E+000
  117  0.00000000000000000E+000
  118  0.00000000000000000E+000
  119  0.00000000000000000E+000
  120  0.00000000000000000E+000
  121  0.00000000000000000E+000
  122  0.00000000000000000E+000
  123  0.00000000000000000E+000
  124  0.00000000000000000E+000
  125  0.00000000000000000E+000
  126  0.00000000000000000E+000
  127  0.00000000000000000E+000
  128  0.00000000000000000E+000
  129  0.00000000000000000E+000
  130  0.00000000000000000E+000
  131  0.00000000000000000E+000
  132  0.00000000000000000E+000
  133  0.00000000000000000E+000
  134  0.00000000000000000E+000
  135  0.00000000000000000E+000
  136  0.00000000000000000E+000
  137  0.00000000000000000E+000
  138  0.00000000000000000E+000
  139  0.00000000000000000E+000
  140  0.00000000000000000E+000
  141  0.00000000000000000E+000
  142  0.00000000000000000E+000
  143  0.00000000000000000E+000
  144  0.00000000000000000E+000
  145  0.00000000000000000E+000
  146  0.00000000000000000E+000
  147  0.00000000000000000E+000
  148  0.00000000000000000E+000
  149  0.00000000000000000E+000
  150  0.00000000000000000E+000
## spot_moist_water closure=2.50 mode=B step=1 vt n=150
    1  0.00000000000000000E+000
    2  0.00000000000000000E+000
    3  0.00000000000000000E+000
    4 -1.07557261363216639E-001
    5 -7.66587822886788395E-002
    6 -7.46648032088245150E-002
    7 -1.07357347143219650E-001
    8 -1.23622262904343083E-001
    9 -1.25632707123545351E-001
   10 -1.27311026146155304E-001
   11 -1.30033637072500707E-001
   12 -1.32560570430396929E-001
   13 -1.33944045713560334E-001
   14 -1.36175029982132267E-001
   15 -1.29420526109592648E-001
   16 -1.22659502209127025E-001
   17 -1.24270982026984056E-001
   18 -1.25713901855261656E-001
   19 -1.18253598865193710E-001
   20 -1.10002820527103640E-001
   21 -9.14616305609287084E-002
   22 -5.46061441291890715E-002
   23  0.00000000000000000E+000
   24  0.00000000000000000E+000
   25  0.00000000000000000E+000
   26  0.00000000000000000E+000
   27  0.00000000000000000E+000
   28  0.00000000000000000E+000
   29  0.00000000000000000E+000
   30  0.00000000000000000E+000
   31  0.00000000000000000E+000
   32  0.00000000000000000E+000
   33  0.00000000000000000E+000
   34  0.00000000000000000E+000
   35  0.00000000000000000E+000
   36  0.00000000000000000E+000
   37  0.00000000000000000E+000
   38  0.00000000000000000E+000
   39  0.00000000000000000E+000
   40  0.00000000000000000E+000
   41  0.00000000000000000E+000
   42  0.00000000000000000E+000
   43  0.00000000000000000E+000
   44  0.00000000000000000E+000
   45  0.00000000000000000E+000
   46  0.00000000000000000E+000
   47  0.00000000000000000E+000
   48  0.00000000000000000E+000
   49  0.00000000000000000E+000
   50  0.00000000000000000E+000
   51  0.00000000000000000E+000
   52  0.00000000000000000E+000
   53  0.00000000000000000E+000
   54  0.00000000000000000E+000
   55  0.00000000000000000E+000
   56  0.00000000000000000E+000
   57  0.00000000000000000E+000
   58  0.00000000000000000E+000
   59  0.00000000000000000E+000
   60  0.00000000000000000E+000
   61  0.00000000000000000E+000
   62  0.00000000000000000E+000
   63  0.00000000000000000E+000
   64  0.00000000000000000E+000
   65  0.00000000000000000E+000
   66  0.00000000000000000E+000
   67  0.00000000000000000E+000
   68  0.00000000000000000E+000
   69  0.00000000000000000E+000
   70  0.00000000000000000E+000
   71  0.00000000000000000E+000
   72  0.00000000000000000E+000
   73  0.00000000000000000E+000
   74  0.00000000000000000E+000
   75  0.00000000000000000E+000
   76  0.00000000000000000E+000
   77  0.00000000000000000E+000
   78  0.00000000000000000E+000
   79  0.00000000000000000E+000
   80  0.00000000000000000E+000
   81  0.00000000000000000E+000
   82  0.00000000000000000E+000
   83  0.00000000000000000E+000
   84  0.00000000000000000E+000
   85  0.00000000000000000E+000
   86  0.00000000000000000E+000
   87  0.00000000000000000E+000
   88  0.00000000000000000E+000
   89  0.00000000000000000E+000
   90  0.00000000000000000E+000
   91  0.00000000000000000E+000
   92  0.00000000000000000E+000
   93  0.00000000000000000E+000
   94  0.00000000000000000E+000
   95  0.00000000000000000E+000
   96  0.00000000000000000E+000
   97  0.00000000000000000E+000
   98  0.00000000000000000E+000
   99  0.00000000000000000E+000
  100  0.00000000000000000E+000
  101  0.00000000000000000E+000
  102  0.00000000000000000E+000
  103  0.00000000000000000E+000
  104  0.00000000000000000E+000
  105  0.00000000000000000E+000
  106  0.00000000000000000E+000
  107  0.00000000000000000E+000
  108  0.00000000000000000E+000
  109  0.00000000000000000E+000
  110  0.00000000000000000E+000
  111  0.00000000000000000E+000
  112  0.00000000000000000E+000
  113  0.00000000000000000E+000
  114  0.00000000000000000E+000
  115  0.00000000000000000E+000
  116  0.00000000000000000E+000
  117  0.00000000000000000E+000
  118  0.00000000000000000E+000
  119  0.00000000000000000E+000
  120  0.00000000000000000E+000
  121  0.00000000000000000E+000
  122  0.00000000000000000E+000
  123  0.00000000000000000E+000
  124  0.00000000000000000E+000
  125  0.00000000000000000E+000
  126  0.00000000000000000E+000
  127  0.00000000000000000E+000
  128  0.00000000000000000E+000
  129  0.00000000000000000E+000
  130  0.00000000000000000E+000
  131  0.00000000000000000E+000
  132  0.00000000000000000E+000
  133  0.00000000000000000E+000
  134  0.00000000000000000E+000
  135  0.00000000000000000E+000
  136  0.00000000000000000E+000
  137  0.00000000000000000E+000
  138  0.00000000000000000E+000
  139  0.00000000000000000E+000
  140  0.00000000000000000E+000
  141  0.00000000000000000E+000
  142  0.00000000000000000E+000
  143  0.00000000000000000E+000
  144  0.00000000000000000E+000
  145  0.00000000000000000E+000
  146  0.00000000000000000E+000
  147  0.00000000000000000E+000
  148  0.00000000000000000E+000
  149  0.00000000000000000E+000
  150  0.00000000000000000E+000
## spot_moist_water closure=2.50 mode=B step=1 vq n=150
    1  0.00000000000000000E+000
    2  0.00000000000000000E+000
    3  0.00000000000000000E+000
    4  1.13820198133821947E+002
    5  9.20272316217914010E+001
    6  9.83586577665597872E+001
    7  1.21913835582786561E+002
    8  1.45471738910286291E+002
    9  1.55482080546510957E+002
   10  1.62336430360866899E+002
   11  1.74807727306044654E+002
   12  1.88223311786478206E+002
   13  1.96491599438246709E+002
   14  2.11564498718996816E+002
   15  2.14039244282330316E+002
   16  2.10753114266161703E+002
   17  2.26931489536671080E+002
   18  2.44354423434810116E+002
   19  2.39272047748324241E+002
   20  2.38248558749221360E+002
   21  2.13413043560022032E+002
   22  1.37065772125241352E+002
   23  0.00000000000000000E+000
   24  0.00000000000000000E+000
   25  0.00000000000000000E+000
   26  0.00000000000000000E+000
   27  0.00000000000000000E+000
   28  0.00000000000000000E+000
   29  0.00000000000000000E+000
   30  0.00000000000000000E+000
   31  0.00000000000000000E+000
   32  0.00000000000000000E+000
   33  0.00000000000000000E+000
   34  0.00000000000000000E+000
   35  0.00000000000000000E+000
   36  0.00000000000000000E+000
   37  0.00000000000000000E+000
   38  0.00000000000000000E+000
   39  0.00000000000000000E+000
   40  0.00000000000000000E+000
   41  0.00000000000000000E+000
   42  0.00000000000000000E+000
   43  0.00000000000000000E+000
   44  0.00000000000000000E+000
   45  0.00000000000000000E+000
   46  0.00000000000000000E+000
   47  0.00000000000000000E+000
   48  0.00000000000000000E+000
   49  0.00000000000000000E+000
   50  0.00000000000000000E+000
   51  0.00000000000000000E+000
   52  0.00000000000000000E+000
   53  0.00000000000000000E+000
   54  0.00000000000000000E+000
   55  0.00000000000000000E+000
   56  0.00000000000000000E+000
   57  0.00000000000000000E+000
   58  0.00000000000000000E+000
   59  0.00000000000000000E+000
   60  0.00000000000000000E+000
   61  0.00000000000000000E+000
   62  0.00000000000000000E+000
   63  0.00000000000000000E+000
   64  0.00000000000000000E+000
   65  0.00000000000000000E+000
   66  0.00000000000000000E+000
   67  0.00000000000000000E+000
   68  0.00000000000000000E+000
   69  0.00000000000000000E+000
   70  0.00000000000000000E+000
   71  0.00000000000000000E+000
   72  0.00000000000000000E+000
   73  0.00000000000000000E+000
   74  0.00000000000000000E+000
   75  0.00000000000000000E+000
   76  0.00000000000000000E+000
   77  0.00000000000000000E+000
   78  0.00000000000000000E+000
   79  0.00000000000000000E+000
   80  0.00000000000000000E+000
   81  0.00000000000000000E+000
   82  0.00000000000000000E+000
   83  0.00000000000000000E+000
   84  0.00000000000000000E+000
   85  0.00000000000000000E+000
   86  0.00000000000000000E+000
   87  0.00000000000000000E+000
   88  0.00000000000000000E+000
   89  0.00000000000000000E+000
   90  0.00000000000000000E+000
   91  0.00000000000000000E+000
   92  0.00000000000000000E+000
   93  0.00000000000000000E+000
   94  0.00000000000000000E+000
   95  0.00000000000000000E+000
   96  0.00000000000000000E+000
   97  0.00000000000000000E+000
   98  0.00000000000000000E+000
   99  0.00000000000000000E+000
  100  0.00000000000000000E+000
  101  0.00000000000000000E+000
  102  0.00000000000000000E+000
  103  0.00000000000000000E+000
  104  0.00000000000000000E+000
  105  0.00000000000000000E+000
  106  0.00000000000000000E+000
  107  0.00000000000000000E+000
  108  0.00000000000000000E+000
  109  0.00000000000000000E+000
  110  0.00000000000000000E+000
  111  0.00000000000000000E+000
  112  0.00000000000000000E+000
  113  0.00000000000000000E+000
  114  0.00000000000000000E+000
  115  0.00000000000000000E+000
  116  0.00000000000000000E+000
  117  0.00000000000000000E+000
  118  0.00000000000000000E+000
  119  0.00000000000000000E+000
  120  0.00000000000000000E+000
  121  0.00000000000000000E+000
  122  0.00000000000000000E+000
  123  0.00000000000000000E+000
  124  0.00000000000000000E+000
  125  0.00000000000000000E+000
  126  0.00000000000000000E+000
  127  0.00000000000000000E+000
  128  0.00000000000000000E+000
  129  0.00000000000000000E+000
  130  0.00000000000000000E+000
  131  0.00000000000000000E+000
  132  0.00000000000000000E+000
  133  0.00000000000000000E+000
  134  0.00000000000000000E+000
  135  0.00000000000000000E+000
  136  0.00000000000000000E+000
  137  0.00000000000000000E+000
  138  0.00000000000000000E+000
  139  0.00000000000000000E+000
  140  0.00000000000000000E+000
  141  0.00000000000000000E+000
  142  0.00000000000000000E+000
  143  0.00000000000000000E+000
  144  0.00000000000000000E+000
  145  0.00000000000000000E+000
  146  0.00000000000000000E+000
  147  0.00000000000000000E+000
  148  0.00000000000000000E+000
  149  0.00000000000000000E+000
  150  0.00000000000000000E+000
## spot_moist_water closure=2.50 mode=B step=1 cldfra_bl n=150
    1  0.00000000000000000E+000
    2  0.00000000000000000E+000
    3  0.00000000000000000E+000
    4  4.99999979471691891E-001
    5  4.99999979471691891E-001
    6  4.99999979471691891E-001
    7  4.99999979471691891E-001
    8  4.69573715717457096E-001
    9  4.37690050899464833E-001
   10  4.13667814391451727E-001
   11  3.74464816354413532E-001
   12  3.38306035734826760E-001
   13  3.18764449599607813E-001
   14  2.87790842571310101E-001
   15  2.60001766960357483E-001
   16  2.45209903154080588E-001
   17  2.21982466514134169E-001
   18  2.01272119181794884E-001
   19  1.90263336113477788E-001
   20  1.72955785061483847E-001
   21  1.57465522575038097E-001
   22  1.03867182954255954E-001
   23  0.00000000000000000E+000
   24  0.00000000000000000E+000
   25  0.00000000000000000E+000
   26  0.00000000000000000E+000
   27  0.00000000000000000E+000
   28  0.00000000000000000E+000
   29  0.00000000000000000E+000
   30  0.00000000000000000E+000
   31  0.00000000000000000E+000
   32  0.00000000000000000E+000
   33  0.00000000000000000E+000
   34  0.00000000000000000E+000
   35  0.00000000000000000E+000
   36  0.00000000000000000E+000
   37  0.00000000000000000E+000
   38  0.00000000000000000E+000
   39  0.00000000000000000E+000
   40  0.00000000000000000E+000
   41  0.00000000000000000E+000
   42  0.00000000000000000E+000
   43  0.00000000000000000E+000
   44  0.00000000000000000E+000
   45  0.00000000000000000E+000
   46  0.00000000000000000E+000
   47  0.00000000000000000E+000
   48  0.00000000000000000E+000
   49  0.00000000000000000E+000
   50  0.00000000000000000E+000
   51  0.00000000000000000E+000
   52  0.00000000000000000E+000
   53  0.00000000000000000E+000
   54  0.00000000000000000E+000
   55  0.00000000000000000E+000
   56  0.00000000000000000E+000
   57  0.00000000000000000E+000
   58  0.00000000000000000E+000
   59  0.00000000000000000E+000
   60  0.00000000000000000E+000
   61  0.00000000000000000E+000
   62  0.00000000000000000E+000
   63  0.00000000000000000E+000
   64  0.00000000000000000E+000
   65  0.00000000000000000E+000
   66  0.00000000000000000E+000
   67  0.00000000000000000E+000
   68  0.00000000000000000E+000
   69  0.00000000000000000E+000
   70  0.00000000000000000E+000
   71  0.00000000000000000E+000
   72  0.00000000000000000E+000
   73  0.00000000000000000E+000
   74  0.00000000000000000E+000
   75  0.00000000000000000E+000
   76  0.00000000000000000E+000
   77  0.00000000000000000E+000
   78  0.00000000000000000E+000
   79  0.00000000000000000E+000
   80  0.00000000000000000E+000
   81  0.00000000000000000E+000
   82  0.00000000000000000E+000
   83  0.00000000000000000E+000
   84  0.00000000000000000E+000
   85  0.00000000000000000E+000
   86  0.00000000000000000E+000
   87  0.00000000000000000E+000
   88  0.00000000000000000E+000
   89  0.00000000000000000E+000
   90  0.00000000000000000E+000
   91  0.00000000000000000E+000
   92  0.00000000000000000E+000
   93  0.00000000000000000E+000
   94  0.00000000000000000E+000
   95  0.00000000000000000E+000
   96  0.00000000000000000E+000
   97  0.00000000000000000E+000
   98  0.00000000000000000E+000
   99  0.00000000000000000E+000
  100  0.00000000000000000E+000
  101  0.00000000000000000E+000
  102  0.00000000000000000E+000
  103  0.00000000000000000E+000
  104  0.00000000000000000E+000
  105  0.00000000000000000E+000
  106  0.00000000000000000E+000
  107  0.00000000000000000E+000
  108  0.00000000000000000E+000
  109  0.00000000000000000E+000
  110  0.00000000000000000E+000
  111  0.00000000000000000E+000
  112  0.00000000000000000E+000
  113  0.00000000000000000E+000
  114  0.00000000000000000E+000
  115  0.00000000000000000E+000
  116  0.00000000000000000E+000
  117  0.00000000000000000E+000
  118  0.00000000000000000E+000
  119  0.00000000000000000E+000
  120  0.00000000000000000E+000
  121  0.00000000000000000E+000
  122  0.00000000000000000E+000
  123  0.00000000000000000E+000
  124  0.00000000000000000E+000
  125  0.00000000000000000E+000
  126  0.00000000000000000E+000
  127  0.00000000000000000E+000
  128  0.00000000000000000E+000
  129  0.00000000000000000E+000
  130  0.00000000000000000E+000
  131  0.00000000000000000E+000
  132  0.00000000000000000E+000
  133  0.00000000000000000E+000
  134  0.00000000000000000E+000
  135  0.00000000000000000E+000
  136  0.00000000000000000E+000
  137  0.00000000000000000E+000
  138  0.00000000000000000E+000
  139  0.00000000000000000E+000
  140  0.00000000000000000E+000
  141  0.00000000000000000E+000
  142  0.00000000000000000E+000
  143  0.00000000000000000E+000
  144  0.00000000000000000E+000
  145  0.00000000000000000E+000
  146  0.00000000000000000E+000
  147  0.00000000000000000E+000
  148  0.00000000000000000E+000
  149  0.00000000000000000E+000
  150  0.00000000000000000E+000
## spot_moist_water closure=2.50 mode=B step=1 qc_bl n=150
    1  0.00000000000000000E+000
    2  0.00000000000000000E+000
    3  0.00000000000000000E+000
    4  3.44057452753632128E-005
    5  7.85282742374506101E-005
    6  1.56794178537007827E-004
    7  2.03579709357288034E-004
    8  2.49385762570650585E-004
    9  2.84890222762608535E-004
   10  3.02233143831886781E-004
   11  3.24707494910703219E-004
   12  3.40799731988854053E-004
   13  3.44652247503383056E-004
   14  3.52680261636011052E-004
   15  3.49789926071316401E-004
   16  3.39381030282318572E-004
   17  3.41611598556821531E-004
   18  3.40799810802440894E-004
   19  3.26964210116707245E-004
   20  2.71126737035369103E-004
   21  1.42323348654606135E-004
   22  2.68369835254237707E-005
   23  0.00000000000000000E+000
   24  0.00000000000000000E+000
   25  0.00000000000000000E+000
   26  0.00000000000000000E+000
   27  0.00000000000000000E+000
   28  0.00000000000000000E+000
   29  0.00000000000000000E+000
   30  0.00000000000000000E+000
   31  0.00000000000000000E+000
   32  0.00000000000000000E+000
   33  0.00000000000000000E+000
   34  0.00000000000000000E+000
   35  0.00000000000000000E+000
   36  0.00000000000000000E+000
   37  0.00000000000000000E+000
   38  0.00000000000000000E+000
   39  0.00000000000000000E+000
   40  0.00000000000000000E+000
   41  0.00000000000000000E+000
   42  0.00000000000000000E+000
   43  0.00000000000000000E+000
   44  0.00000000000000000E+000
   45  0.00000000000000000E+000
   46  0.00000000000000000E+000
   47  0.00000000000000000E+000
   48  0.00000000000000000E+000
   49  0.00000000000000000E+000
   50  0.00000000000000000E+000
   51  0.00000000000000000E+000
   52  0.00000000000000000E+000
   53  0.00000000000000000E+000
   54  0.00000000000000000E+000
   55  0.00000000000000000E+000
   56  0.00000000000000000E+000
   57  0.00000000000000000E+000
   58  0.00000000000000000E+000
   59  0.00000000000000000E+000
   60  0.00000000000000000E+000
   61  0.00000000000000000E+000
   62  0.00000000000000000E+000
   63  0.00000000000000000E+000
   64  0.00000000000000000E+000
   65  0.00000000000000000E+000
   66  0.00000000000000000E+000
   67  0.00000000000000000E+000
   68  0.00000000000000000E+000
   69  0.00000000000000000E+000
   70  0.00000000000000000E+000
   71  0.00000000000000000E+000
   72  0.00000000000000000E+000
   73  0.00000000000000000E+000
   74  0.00000000000000000E+000
   75  0.00000000000000000E+000
   76  0.00000000000000000E+000
   77  0.00000000000000000E+000
   78  0.00000000000000000E+000
   79  0.00000000000000000E+000
   80  0.00000000000000000E+000
   81  0.00000000000000000E+000
   82  0.00000000000000000E+000
   83  0.00000000000000000E+000
   84  0.00000000000000000E+000
   85  0.00000000000000000E+000
   86  0.00000000000000000E+000
   87  0.00000000000000000E+000
   88  0.00000000000000000E+000
   89  0.00000000000000000E+000
   90  0.00000000000000000E+000
   91  0.00000000000000000E+000
   92  0.00000000000000000E+000
   93  0.00000000000000000E+000
   94  0.00000000000000000E+000
   95  0.00000000000000000E+000
   96  0.00000000000000000E+000
   97  0.00000000000000000E+000
   98  0.00000000000000000E+000
   99  0.00000000000000000E+000
  100  0.00000000000000000E+000
  101  0.00000000000000000E+000
  102  0.00000000000000000E+000
  103  0.00000000000000000E+000
  104  0.00000000000000000E+000
  105  0.00000000000000000E+000
  106  0.00000000000000000E+000
  107  0.00000000000000000E+000
  108  0.00000000000000000E+000
  109  0.00000000000000000E+000
  110  0.00000000000000000E+000
  111  0.00000000000000000E+000
  112  0.00000000000000000E+000
  113  0.00000000000000000E+000
  114  0.00000000000000000E+000
  115  0.00000000000000000E+000
  116  0.00000000000000000E+000
  117  0.00000000000000000E+000
  118  0.00000000000000000E+000
  119  0.00000000000000000E+000
  120  0.00000000000000000E+000
  121  0.00000000000000000E+000
  122  0.00000000000000000E+000
  123  0.00000000000000000E+000
  124  0.00000000000000000E+000
  125  0.00000000000000000E+000
  126  0.00000000000000000E+000
  127  0.00000000000000000E+000
  128  0.00000000000000000E+000
  129  0.00000000000000000E+000
  130  0.00000000000000000E+000
  131  0.00000000000000000E+000
  132  0.00000000000000000E+000
  133  0.00000000000000000E+000
  134  0.00000000000000000E+000
  135  0.00000000000000000E+000
  136  0.00000000000000000E+000
  137  0.00000000000000000E+000
  138  0.00000000000000000E+000
  139  0.00000000000000000E+000
  140  0.00000000000000000E+000
  141  0.00000000000000000E+000
  142  0.00000000000000000E+000
  143  0.00000000000000000E+000
  144  0.00000000000000000E+000
  145  0.00000000000000000E+000
  146  0.00000000000000000E+000
  147  0.00000000000000000E+000
  148  0.00000000000000000E+000
  149  0.00000000000000000E+000
  150  0.00000000000000000E+000
## spot_moist_water closure=2.50 mode=B step=1 maxwidth n=1
    1  1.00000000000000000E+003
## spot_moist_water closure=2.50 mode=B step=1 maxmf n=1
    1  2.20778087806754481E-001
## spot_moist_water closure=2.50 mode=B step=1 ztop_plume n=1
    1  3.50000000000000000E+003
## spot_moist_water closure=2.50 mode=B step=1 ktop_plume n=1
    1  2.20000000000000000E+001
## spot_moist_water END
## spot_moist_land BEGIN n=150
## spot_moist_land closure=2.50 mode=B step=1 edmf_a n=150
    1  9.99998494901990498E-002
    2  9.99998494901990498E-002
    3  9.99998494901990498E-002
    4  9.99998494901990498E-002
    5  9.99998494901990498E-002
    6  9.99998494901990498E-002
    7  9.99998494901990498E-002
    8  9.99998494901990498E-002
    9  9.99998494901990498E-002
   10  9.99998494901990498E-002
   11  9.99998494901990498E-002
   12  9.99998494901990498E-002
   13  9.99998494901990498E-002
   14  9.99998494901990498E-002
   15  8.83569521439200589E-002
   16  8.83569521439200589E-002
   17  8.83569521439200589E-002
   18  8.83569521439200589E-002
   19  7.63742450913167947E-002
   20  7.63742450913167947E-002
   21  5.16425976636896850E-002
   22  1.31325463686647118E-002
   23  0.00000000000000000E+000
   24  0.00000000000000000E+000
   25  0.00000000000000000E+000
   26  0.00000000000000000E+000
   27  0.00000000000000000E+000
   28  0.00000000000000000E+000
   29  0.00000000000000000E+000
   30  0.00000000000000000E+000
   31  0.00000000000000000E+000
   32  0.00000000000000000E+000
   33  0.00000000000000000E+000
   34  0.00000000000000000E+000
   35  0.00000000000000000E+000
   36  0.00000000000000000E+000
   37  0.00000000000000000E+000
   38  0.00000000000000000E+000
   39  0.00000000000000000E+000
   40  0.00000000000000000E+000
   41  0.00000000000000000E+000
   42  0.00000000000000000E+000
   43  0.00000000000000000E+000
   44  0.00000000000000000E+000
   45  0.00000000000000000E+000
   46  0.00000000000000000E+000
   47  0.00000000000000000E+000
   48  0.00000000000000000E+000
   49  0.00000000000000000E+000
   50  0.00000000000000000E+000
   51  0.00000000000000000E+000
   52  0.00000000000000000E+000
   53  0.00000000000000000E+000
   54  0.00000000000000000E+000
   55  0.00000000000000000E+000
   56  0.00000000000000000E+000
   57  0.00000000000000000E+000
   58  0.00000000000000000E+000
   59  0.00000000000000000E+000
   60  0.00000000000000000E+000
   61  0.00000000000000000E+000
   62  0.00000000000000000E+000
   63  0.00000000000000000E+000
   64  0.00000000000000000E+000
   65  0.00000000000000000E+000
   66  0.00000000000000000E+000
   67  0.00000000000000000E+000
   68  0.00000000000000000E+000
   69  0.00000000000000000E+000
   70  0.00000000000000000E+000
   71  0.00000000000000000E+000
   72  0.00000000000000000E+000
   73  0.00000000000000000E+000
   74  0.00000000000000000E+000
   75  0.00000000000000000E+000
   76  0.00000000000000000E+000
   77  0.00000000000000000E+000
   78  0.00000000000000000E+000
   79  0.00000000000000000E+000
   80  0.00000000000000000E+000
   81  0.00000000000000000E+000
   82  0.00000000000000000E+000
   83  0.00000000000000000E+000
   84  0.00000000000000000E+000
   85  0.00000000000000000E+000
   86  0.00000000000000000E+000
   87  0.00000000000000000E+000
   88  0.00000000000000000E+000
   89  0.00000000000000000E+000
   90  0.00000000000000000E+000
   91  0.00000000000000000E+000
   92  0.00000000000000000E+000
   93  0.00000000000000000E+000
   94  0.00000000000000000E+000
   95  0.00000000000000000E+000
   96  0.00000000000000000E+000
   97  0.00000000000000000E+000
   98  0.00000000000000000E+000
   99  0.00000000000000000E+000
  100  0.00000000000000000E+000
  101  0.00000000000000000E+000
  102  0.00000000000000000E+000
  103  0.00000000000000000E+000
  104  0.00000000000000000E+000
  105  0.00000000000000000E+000
  106  0.00000000000000000E+000
  107  0.00000000000000000E+000
  108  0.00000000000000000E+000
  109  0.00000000000000000E+000
  110  0.00000000000000000E+000
  111  0.00000000000000000E+000
  112  0.00000000000000000E+000
  113  0.00000000000000000E+000
  114  0.00000000000000000E+000
  115  0.00000000000000000E+000
  116  0.00000000000000000E+000
  117  0.00000000000000000E+000
  118  0.00000000000000000E+000
  119  0.00000000000000000E+000
  120  0.00000000000000000E+000
  121  0.00000000000000000E+000
  122  0.00000000000000000E+000
  123  0.00000000000000000E+000
  124  0.00000000000000000E+000
  125  0.00000000000000000E+000
  126  0.00000000000000000E+000
  127  0.00000000000000000E+000
  128  0.00000000000000000E+000
  129  0.00000000000000000E+000
  130  0.00000000000000000E+000
  131  0.00000000000000000E+000
  132  0.00000000000000000E+000
  133  0.00000000000000000E+000
  134  0.00000000000000000E+000
  135  0.00000000000000000E+000
  136  0.00000000000000000E+000
  137  0.00000000000000000E+000
  138  0.00000000000000000E+000
  139  0.00000000000000000E+000
  140  0.00000000000000000E+000
  141  0.00000000000000000E+000
  142  0.00000000000000000E+000
  143  0.00000000000000000E+000
  144  0.00000000000000000E+000
  145  0.00000000000000000E+000
  146  0.00000000000000000E+000
  147  0.00000000000000000E+000
  148  0.00000000000000000E+000
  149  0.00000000000000000E+000
  150  0.00000000000000000E+000
## spot_moist_land closure=2.50 mode=B step=1 edmf_w n=150
    1  2.92237087157532993E-001
    2  2.35757222969310870E-001
    3  1.91257449503849930E-001
    4  1.14860380165894127E+000
    5  1.98239167335808464E+000
    6  1.83724272336049332E+000
    7  1.40181428017570542E+000
    8  1.41845497742572246E+000
    9  1.61874502296326073E+000
   10  1.77556595608369006E+000
   11  1.96475868696123857E+000
   12  2.11733152161460980E+000
   13  2.17908547840098565E+000
   14  2.20119106316598767E+000
   15  2.40369356967912351E+000
   16  2.36756528223154206E+000
   17  2.30396379195358403E+000
   18  2.14234526586933782E+000
   19  2.40593436056822618E+000
   20  1.54431734108923746E+000
   21  7.67861969911893594E-001
   22  7.40623495430344780E-002
   23  0.00000000000000000E+000
   24  0.00000000000000000E+000
   25  0.00000000000000000E+000
   26  0.00000000000000000E+000
   27  0.00000000000000000E+000
   28  0.00000000000000000E+000
   29  0.00000000000000000E+000
   30  0.00000000000000000E+000
   31  0.00000000000000000E+000
   32  0.00000000000000000E+000
   33  0.00000000000000000E+000
   34  0.00000000000000000E+000
   35  0.00000000000000000E+000
   36  0.00000000000000000E+000
   37  0.00000000000000000E+000
   38  0.00000000000000000E+000
   39  0.00000000000000000E+000
   40  0.00000000000000000E+000
   41  0.00000000000000000E+000
   42  0.00000000000000000E+000
   43  0.00000000000000000E+000
   44  0.00000000000000000E+000
   45  0.00000000000000000E+000
   46  0.00000000000000000E+000
   47  0.00000000000000000E+000
   48  0.00000000000000000E+000
   49  0.00000000000000000E+000
   50  0.00000000000000000E+000
   51  0.00000000000000000E+000
   52  0.00000000000000000E+000
   53  0.00000000000000000E+000
   54  0.00000000000000000E+000
   55  0.00000000000000000E+000
   56  0.00000000000000000E+000
   57  0.00000000000000000E+000
   58  0.00000000000000000E+000
   59  0.00000000000000000E+000
   60  0.00000000000000000E+000
   61  0.00000000000000000E+000
   62  0.00000000000000000E+000
   63  0.00000000000000000E+000
   64  0.00000000000000000E+000
   65  0.00000000000000000E+000
   66  0.00000000000000000E+000
   67  0.00000000000000000E+000
   68  0.00000000000000000E+000
   69  0.00000000000000000E+000
   70  0.00000000000000000E+000
   71  0.00000000000000000E+000
   72  0.00000000000000000E+000
   73  0.00000000000000000E+000
   74  0.00000000000000000E+000
   75  0.00000000000000000E+000
   76  0.00000000000000000E+000
   77  0.00000000000000000E+000
   78  0.00000000000000000E+000
   79  0.00000000000000000E+000
   80  0.00000000000000000E+000
   81  0.00000000000000000E+000
   82  0.00000000000000000E+000
   83  0.00000000000000000E+000
   84  0.00000000000000000E+000
   85  0.00000000000000000E+000
   86  0.00000000000000000E+000
   87  0.00000000000000000E+000
   88  0.00000000000000000E+000
   89  0.00000000000000000E+000
   90  0.00000000000000000E+000
   91  0.00000000000000000E+000
   92  0.00000000000000000E+000
   93  0.00000000000000000E+000
   94  0.00000000000000000E+000
   95  0.00000000000000000E+000
   96  0.00000000000000000E+000
   97  0.00000000000000000E+000
   98  0.00000000000000000E+000
   99  0.00000000000000000E+000
  100  0.00000000000000000E+000
  101  0.00000000000000000E+000
  102  0.00000000000000000E+000
  103  0.00000000000000000E+000
  104  0.00000000000000000E+000
  105  0.00000000000000000E+000
  106  0.00000000000000000E+000
  107  0.00000000000000000E+000
  108  0.00000000000000000E+000
  109  0.00000000000000000E+000
  110  0.00000000000000000E+000
  111  0.00000000000000000E+000
  112  0.00000000000000000E+000
  113  0.00000000000000000E+000
  114  0.00000000000000000E+000
  115  0.00000000000000000E+000
  116  0.00000000000000000E+000
  117  0.00000000000000000E+000
  118  0.00000000000000000E+000
  119  0.00000000000000000E+000
  120  0.00000000000000000E+000
  121  0.00000000000000000E+000
  122  0.00000000000000000E+000
  123  0.00000000000000000E+000
  124  0.00000000000000000E+000
  125  0.00000000000000000E+000
  126  0.00000000000000000E+000
  127  0.00000000000000000E+000
  128  0.00000000000000000E+000
  129  0.00000000000000000E+000
  130  0.00000000000000000E+000
  131  0.00000000000000000E+000
  132  0.00000000000000000E+000
  133  0.00000000000000000E+000
  134  0.00000000000000000E+000
  135  0.00000000000000000E+000
  136  0.00000000000000000E+000
  137  0.00000000000000000E+000
  138  0.00000000000000000E+000
  139  0.00000000000000000E+000
  140  0.00000000000000000E+000
  141  0.00000000000000000E+000
  142  0.00000000000000000E+000
  143  0.00000000000000000E+000
  144  0.00000000000000000E+000
  145  0.00000000000000000E+000
  146  0.00000000000000000E+000
  147  0.00000000000000000E+000
  148  0.00000000000000000E+000
  149  0.00000000000000000E+000
  150  0.00000000000000000E+000
## spot_moist_land closure=2.50 mode=B step=1 edmf_qt n=150
    1  1.77943352282505310E-002
    2  1.77930775368527992E-002
    3  1.77923074582666298E-002
    4  1.77916610102239331E-002
    5  1.77911624096549585E-002
    6  1.77908109011384562E-002
    7  1.77264781245905778E-002
    8  1.73853633749457490E-002
    9  1.69860387869455211E-002
   10  1.65391157515245198E-002
   11  1.58525751971626203E-002
   12  1.52573145540513162E-002
   13  1.46599067320408484E-002
   14  1.38533673241926173E-002
   15  1.35533705407825823E-002
   16  1.29534126694149290E-002
   17  1.21798987279591979E-002
   18  1.15646527669546213E-002
   19  1.13733419086292017E-002
   20  9.57222836480479261E-003
   21  7.93894636163985576E-003
   22  6.17293978732020958E-003
   23  0.00000000000000000E+000
   24  0.00000000000000000E+000
   25  0.00000000000000000E+000
   26  0.00000000000000000E+000
   27  0.00000000000000000E+000
   28  0.00000000000000000E+000
   29  0.00000000000000000E+000
   30  0.00000000000000000E+000
   31  0.00000000000000000E+000
   32  0.00000000000000000E+000
   33  0.00000000000000000E+000
   34  0.00000000000000000E+000
   35  0.00000000000000000E+000
   36  0.00000000000000000E+000
   37  0.00000000000000000E+000
   38  0.00000000000000000E+000
   39  0.00000000000000000E+000
   40  0.00000000000000000E+000
   41  0.00000000000000000E+000
   42  0.00000000000000000E+000
   43  0.00000000000000000E+000
   44  0.00000000000000000E+000
   45  0.00000000000000000E+000
   46  0.00000000000000000E+000
   47  0.00000000000000000E+000
   48  0.00000000000000000E+000
   49  0.00000000000000000E+000
   50  0.00000000000000000E+000
   51  0.00000000000000000E+000
   52  0.00000000000000000E+000
   53  0.00000000000000000E+000
   54  0.00000000000000000E+000
   55  0.00000000000000000E+000
   56  0.00000000000000000E+000
   57  0.00000000000000000E+000
   58  0.00000000000000000E+000
   59  0.00000000000000000E+000
   60  0.00000000000000000E+000
   61  0.00000000000000000E+000
   62  0.00000000000000000E+000
   63  0.00000000000000000E+000
   64  0.00000000000000000E+000
   65  0.00000000000000000E+000
   66  0.00000000000000000E+000
   67  0.00000000000000000E+000
   68  0.00000000000000000E+000
   69  0.00000000000000000E+000
   70  0.00000000000000000E+000
   71  0.00000000000000000E+000
   72  0.00000000000000000E+000
   73  0.00000000000000000E+000
   74  0.00000000000000000E+000
   75  0.00000000000000000E+000
   76  0.00000000000000000E+000
   77  0.00000000000000000E+000
   78  0.00000000000000000E+000
   79  0.00000000000000000E+000
   80  0.00000000000000000E+000
   81  0.00000000000000000E+000
   82  0.00000000000000000E+000
   83  0.00000000000000000E+000
   84  0.00000000000000000E+000
   85  0.00000000000000000E+000
   86  0.00000000000000000E+000
   87  0.00000000000000000E+000
   88  0.00000000000000000E+000
   89  0.00000000000000000E+000
   90  0.00000000000000000E+000
   91  0.00000000000000000E+000
   92  0.00000000000000000E+000
   93  0.00000000000000000E+000
   94  0.00000000000000000E+000
   95  0.00000000000000000E+000
   96  0.00000000000000000E+000
   97  0.00000000000000000E+000
   98  0.00000000000000000E+000
   99  0.00000000000000000E+000
  100  0.00000000000000000E+000
  101  0.00000000000000000E+000
  102  0.00000000000000000E+000
  103  0.00000000000000000E+000
  104  0.00000000000000000E+000
  105  0.00000000000000000E+000
  106  0.00000000000000000E+000
  107  0.00000000000000000E+000
  108  0.00000000000000000E+000
  109  0.00000000000000000E+000
  110  0.00000000000000000E+000
  111  0.00000000000000000E+000
  112  0.00000000000000000E+000
  113  0.00000000000000000E+000
  114  0.00000000000000000E+000
  115  0.00000000000000000E+000
  116  0.00000000000000000E+000
  117  0.00000000000000000E+000
  118  0.00000000000000000E+000
  119  0.00000000000000000E+000
  120  0.00000000000000000E+000
  121  0.00000000000000000E+000
  122  0.00000000000000000E+000
  123  0.00000000000000000E+000
  124  0.00000000000000000E+000
  125  0.00000000000000000E+000
  126  0.00000000000000000E+000
  127  0.00000000000000000E+000
  128  0.00000000000000000E+000
  129  0.00000000000000000E+000
  130  0.00000000000000000E+000
  131  0.00000000000000000E+000
  132  0.00000000000000000E+000
  133  0.00000000000000000E+000
  134  0.00000000000000000E+000
  135  0.00000000000000000E+000
  136  0.00000000000000000E+000
  137  0.00000000000000000E+000
  138  0.00000000000000000E+000
  139  0.00000000000000000E+000
  140  0.00000000000000000E+000
  141  0.00000000000000000E+000
  142  0.00000000000000000E+000
  143  0.00000000000000000E+000
  144  0.00000000000000000E+000
  145  0.00000000000000000E+000
  146  0.00000000000000000E+000
  147  0.00000000000000000E+000
  148  0.00000000000000000E+000
  149  0.00000000000000000E+000
  150  0.00000000000000000E+000
## spot_moist_land closure=2.50 mode=B step=1 edmf_thl n=150
    1  3.00007773963428406E+002
    2  3.00006516272030638E+002
    3  3.00005746193444509E+002
    4  3.00005099745401822E+002
    5  3.00004601144832861E+002
    6  3.00004249636316274E+002
    7  3.00316827784128577E+002
    8  3.00754207970237644E+002
    9  3.01095060901496481E+002
   10  3.01430508448660987E+002
   11  3.01880628293061136E+002
   12  3.02245059721461985E+002
   13  3.02603681802442168E+002
   14  3.03081573388659535E+002
   15  3.03232940998056051E+002
   16  3.03600016273451274E+002
   17  3.04085922665882094E+002
   18  3.04486598310194381E+002
   19  3.04614934486897596E+002
   20  3.05870681645984575E+002
   21  3.07095512805947408E+002
   22  3.08465584464480116E+002
   23  0.00000000000000000E+000
   24  0.00000000000000000E+000
   25  0.00000000000000000E+000
   26  0.00000000000000000E+000
   27  0.00000000000000000E+000
   28  0.00000000000000000E+000
   29  0.00000000000000000E+000
   30  0.00000000000000000E+000
   31  0.00000000000000000E+000
   32  0.00000000000000000E+000
   33  0.00000000000000000E+000
   34  0.00000000000000000E+000
   35  0.00000000000000000E+000
   36  0.00000000000000000E+000
   37  0.00000000000000000E+000
   38  0.00000000000000000E+000
   39  0.00000000000000000E+000
   40  0.00000000000000000E+000
   41  0.00000000000000000E+000
   42  0.00000000000000000E+000
   43  0.00000000000000000E+000
   44  0.00000000000000000E+000
   45  0.00000000000000000E+000
   46  0.00000000000000000E+000
   47  0.00000000000000000E+000
   48  0.00000000000000000E+000
   49  0.00000000000000000E+000
   50  0.00000000000000000E+000
   51  0.00000000000000000E+000
   52  0.00000000000000000E+000
   53  0.00000000000000000E+000
   54  0.00000000000000000E+000
   55  0.00000000000000000E+000
   56  0.00000000000000000E+000
   57  0.00000000000000000E+000
   58  0.00000000000000000E+000
   59  0.00000000000000000E+000
   60  0.00000000000000000E+000
   61  0.00000000000000000E+000
   62  0.00000000000000000E+000
   63  0.00000000000000000E+000
   64  0.00000000000000000E+000
   65  0.00000000000000000E+000
   66  0.00000000000000000E+000
   67  0.00000000000000000E+000
   68  0.00000000000000000E+000
   69  0.00000000000000000E+000
   70  0.00000000000000000E+000
   71  0.00000000000000000E+000
   72  0.00000000000000000E+000
   73  0.00000000000000000E+000
   74  0.00000000000000000E+000
   75  0.00000000000000000E+000
   76  0.00000000000000000E+000
   77  0.00000000000000000E+000
   78  0.00000000000000000E+000
   79  0.00000000000000000E+000
   80  0.00000000000000000E+000
   81  0.00000000000000000E+000
   82  0.00000000000000000E+000
   83  0.00000000000000000E+000
   84  0.00000000000000000E+000
   85  0.00000000000000000E+000
   86  0.00000000000000000E+000
   87  0.00000000000000000E+000
   88  0.00000000000000000E+000
   89  0.00000000000000000E+000
   90  0.00000000000000000E+000
   91  0.00000000000000000E+000
   92  0.00000000000000000E+000
   93  0.00000000000000000E+000
   94  0.00000000000000000E+000
   95  0.00000000000000000E+000
   96  0.00000000000000000E+000
   97  0.00000000000000000E+000
   98  0.00000000000000000E+000
   99  0.00000000000000000E+000
  100  0.00000000000000000E+000
  101  0.00000000000000000E+000
  102  0.00000000000000000E+000
  103  0.00000000000000000E+000
  104  0.00000000000000000E+000
  105  0.00000000000000000E+000
  106  0.00000000000000000E+000
  107  0.00000000000000000E+000
  108  0.00000000000000000E+000
  109  0.00000000000000000E+000
  110  0.00000000000000000E+000
  111  0.00000000000000000E+000
  112  0.00000000000000000E+000
  113  0.00000000000000000E+000
  114  0.00000000000000000E+000
  115  0.00000000000000000E+000
  116  0.00000000000000000E+000
  117  0.00000000000000000E+000
  118  0.00000000000000000E+000
  119  0.00000000000000000E+000
  120  0.00000000000000000E+000
  121  0.00000000000000000E+000
  122  0.00000000000000000E+000
  123  0.00000000000000000E+000
  124  0.00000000000000000E+000
  125  0.00000000000000000E+000
  126  0.00000000000000000E+000
  127  0.00000000000000000E+000
  128  0.00000000000000000E+000
  129  0.00000000000000000E+000
  130  0.00000000000000000E+000
  131  0.00000000000000000E+000
  132  0.00000000000000000E+000
  133  0.00000000000000000E+000
  134  0.00000000000000000E+000
  135  0.00000000000000000E+000
  136  0.00000000000000000E+000
  137  0.00000000000000000E+000
  138  0.00000000000000000E+000
  139  0.00000000000000000E+000
  140  0.00000000000000000E+000
  141  0.00000000000000000E+000
  142  0.00000000000000000E+000
  143  0.00000000000000000E+000
  144  0.00000000000000000E+000
  145  0.00000000000000000E+000
  146  0.00000000000000000E+000
  147  0.00000000000000000E+000
  148  0.00000000000000000E+000
  149  0.00000000000000000E+000
  150  0.00000000000000000E+000
## spot_moist_land closure=2.50 mode=B step=1 edmf_ent n=150
    1  1.00000000000000024E-003
    2  1.02903683092679730E-003
    3  1.02903683092679730E-003
    4  1.02903683092679730E-003
    5  6.44595082636214580E-004
    6  6.44595082636214580E-004
    7  6.44595082636214580E-004
    8  6.70017640857585388E-004
    9  6.46496813763867040E-004
   10  6.44595082636214580E-004
   11  6.44595082636214580E-004
   12  6.44595082636214580E-004
   13  6.44595082636214580E-004
   14  6.45055511191220603E-004
   15  5.68480489189507375E-004
   16  5.68480489189507375E-004
   17  5.68480489189507375E-004
   18  5.87807953923098260E-004
   19  5.13851956239871964E-004
   20  1.27972903796394455E-003
   21  2.17239811626037706E-003
   22  2.86666666666666667E-003
   23  0.00000000000000000E+000
   24  0.00000000000000000E+000
   25  0.00000000000000000E+000
   26  0.00000000000000000E+000
   27  0.00000000000000000E+000
   28  0.00000000000000000E+000
   29  0.00000000000000000E+000
   30  0.00000000000000000E+000
   31  0.00000000000000000E+000
   32  0.00000000000000000E+000
   33  0.00000000000000000E+000
   34  0.00000000000000000E+000
   35  0.00000000000000000E+000
   36  0.00000000000000000E+000
   37  0.00000000000000000E+000
   38  0.00000000000000000E+000
   39  0.00000000000000000E+000
   40  0.00000000000000000E+000
   41  0.00000000000000000E+000
   42  0.00000000000000000E+000
   43  0.00000000000000000E+000
   44  0.00000000000000000E+000
   45  0.00000000000000000E+000
   46  0.00000000000000000E+000
   47  0.00000000000000000E+000
   48  0.00000000000000000E+000
   49  0.00000000000000000E+000
   50  0.00000000000000000E+000
   51  0.00000000000000000E+000
   52  0.00000000000000000E+000
   53  0.00000000000000000E+000
   54  0.00000000000000000E+000
   55  0.00000000000000000E+000
   56  0.00000000000000000E+000
   57  0.00000000000000000E+000
   58  0.00000000000000000E+000
   59  0.00000000000000000E+000
   60  0.00000000000000000E+000
   61  0.00000000000000000E+000
   62  0.00000000000000000E+000
   63  0.00000000000000000E+000
   64  0.00000000000000000E+000
   65  0.00000000000000000E+000
   66  0.00000000000000000E+000
   67  0.00000000000000000E+000
   68  0.00000000000000000E+000
   69  0.00000000000000000E+000
   70  0.00000000000000000E+000
   71  0.00000000000000000E+000
   72  0.00000000000000000E+000
   73  0.00000000000000000E+000
   74  0.00000000000000000E+000
   75  0.00000000000000000E+000
   76  0.00000000000000000E+000
   77  0.00000000000000000E+000
   78  0.00000000000000000E+000
   79  0.00000000000000000E+000
   80  0.00000000000000000E+000
   81  0.00000000000000000E+000
   82  0.00000000000000000E+000
   83  0.00000000000000000E+000
   84  0.00000000000000000E+000
   85  0.00000000000000000E+000
   86  0.00000000000000000E+000
   87  0.00000000000000000E+000
   88  0.00000000000000000E+000
   89  0.00000000000000000E+000
   90  0.00000000000000000E+000
   91  0.00000000000000000E+000
   92  0.00000000000000000E+000
   93  0.00000000000000000E+000
   94  0.00000000000000000E+000
   95  0.00000000000000000E+000
   96  0.00000000000000000E+000
   97  0.00000000000000000E+000
   98  0.00000000000000000E+000
   99  0.00000000000000000E+000
  100  0.00000000000000000E+000
  101  0.00000000000000000E+000
  102  0.00000000000000000E+000
  103  0.00000000000000000E+000
  104  0.00000000000000000E+000
  105  0.00000000000000000E+000
  106  0.00000000000000000E+000
  107  0.00000000000000000E+000
  108  0.00000000000000000E+000
  109  0.00000000000000000E+000
  110  0.00000000000000000E+000
  111  0.00000000000000000E+000
  112  0.00000000000000000E+000
  113  0.00000000000000000E+000
  114  0.00000000000000000E+000
  115  0.00000000000000000E+000
  116  0.00000000000000000E+000
  117  0.00000000000000000E+000
  118  0.00000000000000000E+000
  119  0.00000000000000000E+000
  120  0.00000000000000000E+000
  121  0.00000000000000000E+000
  122  0.00000000000000000E+000
  123  0.00000000000000000E+000
  124  0.00000000000000000E+000
  125  0.00000000000000000E+000
  126  0.00000000000000000E+000
  127  0.00000000000000000E+000
  128  0.00000000000000000E+000
  129  0.00000000000000000E+000
  130  0.00000000000000000E+000
  131  0.00000000000000000E+000
  132  0.00000000000000000E+000
  133  0.00000000000000000E+000
  134  0.00000000000000000E+000
  135  0.00000000000000000E+000
  136  0.00000000000000000E+000
  137  0.00000000000000000E+000
  138  0.00000000000000000E+000
  139  0.00000000000000000E+000
  140  0.00000000000000000E+000
  141  0.00000000000000000E+000
  142  0.00000000000000000E+000
  143  0.00000000000000000E+000
  144  0.00000000000000000E+000
  145  0.00000000000000000E+000
  146  0.00000000000000000E+000
  147  0.00000000000000000E+000
  148  0.00000000000000000E+000
  149  0.00000000000000000E+000
  150  0.00000000000000000E+000
## spot_moist_land closure=2.50 mode=B step=1 edmf_qc n=150
    1  0.00000000000000000E+000
    2  0.00000000000000000E+000
    3  0.00000000000000000E+000
    4  2.91933861756998468E-004
    5  7.88405161763831223E-004
    6  1.11314086027523656E-003
    7  1.32544813595986740E-003
    8  1.59243998541690798E-003
    9  1.70062049594311700E-003
   10  1.79083270140141266E-003
   11  1.93648265746875739E-003
   12  1.96247531062117980E-003
   13  1.98052748433836471E-003
   14  2.04733246452734521E-003
   15  2.20300891315536925E-003
   16  2.19278094966995343E-003
   17  2.23058519305678648E-003
   18  2.18557214887792626E-003
   19  2.35853377768816984E-003
   20  1.76657324336460713E-003
   21  1.06870541154611520E-003
   22  2.32077506042009316E-004
   23  0.00000000000000000E+000
   24  0.00000000000000000E+000
   25  0.00000000000000000E+000
   26  0.00000000000000000E+000
   27  0.00000000000000000E+000
   28  0.00000000000000000E+000
   29  0.00000000000000000E+000
   30  0.00000000000000000E+000
   31  0.00000000000000000E+000
   32  0.00000000000000000E+000
   33  0.00000000000000000E+000
   34  0.00000000000000000E+000
   35  0.00000000000000000E+000
   36  0.00000000000000000E+000
   37  0.00000000000000000E+000
   38  0.00000000000000000E+000
   39  0.00000000000000000E+000
   40  0.00000000000000000E+000
   41  0.00000000000000000E+000
   42  0.00000000000000000E+000
   43  0.00000000000000000E+000
   44  0.00000000000000000E+000
   45  0.00000000000000000E+000
   46  0.00000000000000000E+000
   47  0.00000000000000000E+000
   48  0.00000000000000000E+000
   49  0.00000000000000000E+000
   50  0.00000000000000000E+000
   51  0.00000000000000000E+000
   52  0.00000000000000000E+000
   53  0.00000000000000000E+000
   54  0.00000000000000000E+000
   55  0.00000000000000000E+000
   56  0.00000000000000000E+000
   57  0.00000000000000000E+000
   58  0.00000000000000000E+000
   59  0.00000000000000000E+000
   60  0.00000000000000000E+000
   61  0.00000000000000000E+000
   62  0.00000000000000000E+000
   63  0.00000000000000000E+000
   64  0.00000000000000000E+000
   65  0.00000000000000000E+000
   66  0.00000000000000000E+000
   67  0.00000000000000000E+000
   68  0.00000000000000000E+000
   69  0.00000000000000000E+000
   70  0.00000000000000000E+000
   71  0.00000000000000000E+000
   72  0.00000000000000000E+000
   73  0.00000000000000000E+000
   74  0.00000000000000000E+000
   75  0.00000000000000000E+000
   76  0.00000000000000000E+000
   77  0.00000000000000000E+000
   78  0.00000000000000000E+000
   79  0.00000000000000000E+000
   80  0.00000000000000000E+000
   81  0.00000000000000000E+000
   82  0.00000000000000000E+000
   83  0.00000000000000000E+000
   84  0.00000000000000000E+000
   85  0.00000000000000000E+000
   86  0.00000000000000000E+000
   87  0.00000000000000000E+000
   88  0.00000000000000000E+000
   89  0.00000000000000000E+000
   90  0.00000000000000000E+000
   91  0.00000000000000000E+000
   92  0.00000000000000000E+000
   93  0.00000000000000000E+000
   94  0.00000000000000000E+000
   95  0.00000000000000000E+000
   96  0.00000000000000000E+000
   97  0.00000000000000000E+000
   98  0.00000000000000000E+000
   99  0.00000000000000000E+000
  100  0.00000000000000000E+000
  101  0.00000000000000000E+000
  102  0.00000000000000000E+000
  103  0.00000000000000000E+000
  104  0.00000000000000000E+000
  105  0.00000000000000000E+000
  106  0.00000000000000000E+000
  107  0.00000000000000000E+000
  108  0.00000000000000000E+000
  109  0.00000000000000000E+000
  110  0.00000000000000000E+000
  111  0.00000000000000000E+000
  112  0.00000000000000000E+000
  113  0.00000000000000000E+000
  114  0.00000000000000000E+000
  115  0.00000000000000000E+000
  116  0.00000000000000000E+000
  117  0.00000000000000000E+000
  118  0.00000000000000000E+000
  119  0.00000000000000000E+000
  120  0.00000000000000000E+000
  121  0.00000000000000000E+000
  122  0.00000000000000000E+000
  123  0.00000000000000000E+000
  124  0.00000000000000000E+000
  125  0.00000000000000000E+000
  126  0.00000000000000000E+000
  127  0.00000000000000000E+000
  128  0.00000000000000000E+000
  129  0.00000000000000000E+000
  130  0.00000000000000000E+000
  131  0.00000000000000000E+000
  132  0.00000000000000000E+000
  133  0.00000000000000000E+000
  134  0.00000000000000000E+000
  135  0.00000000000000000E+000
  136  0.00000000000000000E+000
  137  0.00000000000000000E+000
  138  0.00000000000000000E+000
  139  0.00000000000000000E+000
  140  0.00000000000000000E+000
  141  0.00000000000000000E+000
  142  0.00000000000000000E+000
  143  0.00000000000000000E+000
  144  0.00000000000000000E+000
  145  0.00000000000000000E+000
  146  0.00000000000000000E+000
  147  0.00000000000000000E+000
  148  0.00000000000000000E+000
  149  0.00000000000000000E+000
  150  0.00000000000000000E+000
## spot_moist_land closure=2.50 mode=B step=1 s_aw n=151
    1  0.00000000000000000E+000
    2  3.33068925758336631E-002
    3  2.64008113032458136E-002
    4  2.11699146037256161E-002
    5  1.25662746610570530E-001
    6  2.13035781857186662E-001
    7  1.94131728812439064E-001
    8  1.45570048291329773E-001
    9  1.44490963025360519E-001
   10  1.62803514234528934E-001
   11  1.76300173227264018E-001
   12  1.91274705945423645E-001
   13  2.03453718843558284E-001
   14  2.06660920442725021E-001
   15  2.04594561176441675E-001
   16  1.94792265038153722E-001
   17  1.89319073489754464E-001
   18  1.80493502981959875E-001
   19  1.65572867202331608E-001
   20  1.58559641376435800E-001
   21  9.96769191495285867E-002
   22  3.30539474235059527E-002
   23  7.99634761655896469E-004
   24  0.00000000000000000E+000
   25  0.00000000000000000E+000
   26  0.00000000000000000E+000
   27  0.00000000000000000E+000
   28  0.00000000000000000E+000
   29  0.00000000000000000E+000
   30  0.00000000000000000E+000
   31  0.00000000000000000E+000
   32  0.00000000000000000E+000
   33  0.00000000000000000E+000
   34  0.00000000000000000E+000
   35  0.00000000000000000E+000
   36  0.00000000000000000E+000
   37  0.00000000000000000E+000
   38  0.00000000000000000E+000
   39  0.00000000000000000E+000
   40  0.00000000000000000E+000
   41  0.00000000000000000E+000
   42  0.00000000000000000E+000
   43  0.00000000000000000E+000
   44  0.00000000000000000E+000
   45  0.00000000000000000E+000
   46  0.00000000000000000E+000
   47  0.00000000000000000E+000
   48  0.00000000000000000E+000
   49  0.00000000000000000E+000
   50  0.00000000000000000E+000
   51  0.00000000000000000E+000
   52  0.00000000000000000E+000
   53  0.00000000000000000E+000
   54  0.00000000000000000E+000
   55  0.00000000000000000E+000
   56  0.00000000000000000E+000
   57  0.00000000000000000E+000
   58  0.00000000000000000E+000
   59  0.00000000000000000E+000
   60  0.00000000000000000E+000
   61  0.00000000000000000E+000
   62  0.00000000000000000E+000
   63  0.00000000000000000E+000
   64  0.00000000000000000E+000
   65  0.00000000000000000E+000
   66  0.00000000000000000E+000
   67  0.00000000000000000E+000
   68  0.00000000000000000E+000
   69  0.00000000000000000E+000
   70  0.00000000000000000E+000
   71  0.00000000000000000E+000
   72  0.00000000000000000E+000
   73  0.00000000000000000E+000
   74  0.00000000000000000E+000
   75  0.00000000000000000E+000
   76  0.00000000000000000E+000
   77  0.00000000000000000E+000
   78  0.00000000000000000E+000
   79  0.00000000000000000E+000
   80  0.00000000000000000E+000
   81  0.00000000000000000E+000
   82  0.00000000000000000E+000
   83  0.00000000000000000E+000
   84  0.00000000000000000E+000
   85  0.00000000000000000E+000
   86  0.00000000000000000E+000
   87  0.00000000000000000E+000
   88  0.00000000000000000E+000
   89  0.00000000000000000E+000
   90  0.00000000000000000E+000
   91  0.00000000000000000E+000
   92  0.00000000000000000E+000
   93  0.00000000000000000E+000
   94  0.00000000000000000E+000
   95  0.00000000000000000E+000
   96  0.00000000000000000E+000
   97  0.00000000000000000E+000
   98  0.00000000000000000E+000
   99  0.00000000000000000E+000
  100  0.00000000000000000E+000
  101  0.00000000000000000E+000
  102  0.00000000000000000E+000
  103  0.00000000000000000E+000
  104  0.00000000000000000E+000
  105  0.00000000000000000E+000
  106  0.00000000000000000E+000
  107  0.00000000000000000E+000
  108  0.00000000000000000E+000
  109  0.00000000000000000E+000
  110  0.00000000000000000E+000
  111  0.00000000000000000E+000
  112  0.00000000000000000E+000
  113  0.00000000000000000E+000
  114  0.00000000000000000E+000
  115  0.00000000000000000E+000
  116  0.00000000000000000E+000
  117  0.00000000000000000E+000
  118  0.00000000000000000E+000
  119  0.00000000000000000E+000
  120  0.00000000000000000E+000
  121  0.00000000000000000E+000
  122  0.00000000000000000E+000
  123  0.00000000000000000E+000
  124  0.00000000000000000E+000
  125  0.00000000000000000E+000
  126  0.00000000000000000E+000
  127  0.00000000000000000E+000
  128  0.00000000000000000E+000
  129  0.00000000000000000E+000
  130  0.00000000000000000E+000
  131  0.00000000000000000E+000
  132  0.00000000000000000E+000
  133  0.00000000000000000E+000
  134  0.00000000000000000E+000
  135  0.00000000000000000E+000
  136  0.00000000000000000E+000
  137  0.00000000000000000E+000
  138  0.00000000000000000E+000
  139  0.00000000000000000E+000
  140  0.00000000000000000E+000
  141  0.00000000000000000E+000
  142  0.00000000000000000E+000
  143  0.00000000000000000E+000
  144  0.00000000000000000E+000
  145  0.00000000000000000E+000
  146  0.00000000000000000E+000
  147  0.00000000000000000E+000
  148  0.00000000000000000E+000
  149  0.00000000000000000E+000
  150  0.00000000000000000E+000
  151  0.00000000000000000E+000
## spot_moist_land closure=2.50 mode=B step=1 s_awthl n=151
    1  0.00000000000000000E+000
    2  9.99235447172088520E+000
    3  7.92045180403013749E+000
    4  6.35113335745995400E+000
    5  3.76995013201991469E+001
    6  6.39117360992391781E+001
    7  5.82404064117936358E+001
    8  4.37128661513203838E+001
    9  4.34472555904801894E+001
   10  4.90081917319674787E+001
   11  5.31261522534685113E+001
   12  5.77178297534193661E+001
   13  6.14568293131036540E+001
   14  6.24898631356774104E+001
   15  6.19488610662352173E+001
   16  5.90329974874664032E+001
   17  5.74372284600773853E+001
   18  5.48374014267836856E+001
   19  5.03485564353974979E+001
   20  4.82698264291987797E+001
   21  3.04596489079359962E+001
   22  1.01476595189463978E+001
   23  2.46659804112301345E-001
   24  0.00000000000000000E+000
   25  0.00000000000000000E+000
   26  0.00000000000000000E+000
   27  0.00000000000000000E+000
   28  0.00000000000000000E+000
   29  0.00000000000000000E+000
   30  0.00000000000000000E+000
   31  0.00000000000000000E+000
   32  0.00000000000000000E+000
   33  0.00000000000000000E+000
   34  0.00000000000000000E+000
   35  0.00000000000000000E+000
   36  0.00000000000000000E+000
   37  0.00000000000000000E+000
   38  0.00000000000000000E+000
   39  0.00000000000000000E+000
   40  0.00000000000000000E+000
   41  0.00000000000000000E+000
   42  0.00000000000000000E+000
   43  0.00000000000000000E+000
   44  0.00000000000000000E+000
   45  0.00000000000000000E+000
   46  0.00000000000000000E+000
   47  0.00000000000000000E+000
   48  0.00000000000000000E+000
   49  0.00000000000000000E+000
   50  0.00000000000000000E+000
   51  0.00000000000000000E+000
   52  0.00000000000000000E+000
   53  0.00000000000000000E+000
   54  0.00000000000000000E+000
   55  0.00000000000000000E+000
   56  0.00000000000000000E+000
   57  0.00000000000000000E+000
   58  0.00000000000000000E+000
   59  0.00000000000000000E+000
   60  0.00000000000000000E+000
   61  0.00000000000000000E+000
   62  0.00000000000000000E+000
   63  0.00000000000000000E+000
   64  0.00000000000000000E+000
   65  0.00000000000000000E+000
   66  0.00000000000000000E+000
   67  0.00000000000000000E+000
   68  0.00000000000000000E+000
   69  0.00000000000000000E+000
   70  0.00000000000000000E+000
   71  0.00000000000000000E+000
   72  0.00000000000000000E+000
   73  0.00000000000000000E+000
   74  0.00000000000000000E+000
   75  0.00000000000000000E+000
   76  0.00000000000000000E+000
   77  0.00000000000000000E+000
   78  0.00000000000000000E+000
   79  0.00000000000000000E+000
   80  0.00000000000000000E+000
   81  0.00000000000000000E+000
   82  0.00000000000000000E+000
   83  0.00000000000000000E+000
   84  0.00000000000000000E+000
   85  0.00000000000000000E+000
   86  0.00000000000000000E+000
   87  0.00000000000000000E+000
   88  0.00000000000000000E+000
   89  0.00000000000000000E+000
   90  0.00000000000000000E+000
   91  0.00000000000000000E+000
   92  0.00000000000000000E+000
   93  0.00000000000000000E+000
   94  0.00000000000000000E+000
   95  0.00000000000000000E+000
   96  0.00000000000000000E+000
   97  0.00000000000000000E+000
   98  0.00000000000000000E+000
   99  0.00000000000000000E+000
  100  0.00000000000000000E+000
  101  0.00000000000000000E+000
  102  0.00000000000000000E+000
  103  0.00000000000000000E+000
  104  0.00000000000000000E+000
  105  0.00000000000000000E+000
  106  0.00000000000000000E+000
  107  0.00000000000000000E+000
  108  0.00000000000000000E+000
  109  0.00000000000000000E+000
  110  0.00000000000000000E+000
  111  0.00000000000000000E+000
  112  0.00000000000000000E+000
  113  0.00000000000000000E+000
  114  0.00000000000000000E+000
  115  0.00000000000000000E+000
  116  0.00000000000000000E+000
  117  0.00000000000000000E+000
  118  0.00000000000000000E+000
  119  0.00000000000000000E+000
  120  0.00000000000000000E+000
  121  0.00000000000000000E+000
  122  0.00000000000000000E+000
  123  0.00000000000000000E+000
  124  0.00000000000000000E+000
  125  0.00000000000000000E+000
  126  0.00000000000000000E+000
  127  0.00000000000000000E+000
  128  0.00000000000000000E+000
  129  0.00000000000000000E+000
  130  0.00000000000000000E+000
  131  0.00000000000000000E+000
  132  0.00000000000000000E+000
  133  0.00000000000000000E+000
  134  0.00000000000000000E+000
  135  0.00000000000000000E+000
  136  0.00000000000000000E+000
  137  0.00000000000000000E+000
  138  0.00000000000000000E+000
  139  0.00000000000000000E+000
  140  0.00000000000000000E+000
  141  0.00000000000000000E+000
  142  0.00000000000000000E+000
  143  0.00000000000000000E+000
  144  0.00000000000000000E+000
  145  0.00000000000000000E+000
  146  0.00000000000000000E+000
  147  0.00000000000000000E+000
  148  0.00000000000000000E+000
  149  0.00000000000000000E+000
  150  0.00000000000000000E+000
  151  0.00000000000000000E+000
## spot_moist_land closure=2.50 mode=B step=1 s_awqt n=151
    1  0.00000000000000000E+000
    2  5.92701784311702772E-004
    3  4.69788060742584582E-004
    4  3.76698959412487678E-004
    5  2.23578547832271619E-003
    6  3.79017552768531321E-003
    7  3.45382365603020538E-003
    8  2.58141163603666781E-003
    9  2.51735076603309352E-003
   10  2.77416885661030226E-003
   11  2.93093415187854235E-003
   12  3.05926646634995664E-003
   13  3.14836263845582167E-003
   14  3.09056785866937802E-003
   15  2.91820202869877855E-003
   16  2.68892059958548892E-003
   17  2.51047235640443041E-003
   18  2.26956398656149444E-003
   19  2.01333412284012900E-003
   20  1.84726232632517209E-003
   21  9.96031194575358950E-004
   22  2.66807906593673596E-004
   23  4.93609723554999573E-006
   24  0.00000000000000000E+000
   25  0.00000000000000000E+000
   26  0.00000000000000000E+000
   27  0.00000000000000000E+000
   28  0.00000000000000000E+000
   29  0.00000000000000000E+000
   30  0.00000000000000000E+000
   31  0.00000000000000000E+000
   32  0.00000000000000000E+000
   33  0.00000000000000000E+000
   34  0.00000000000000000E+000
   35  0.00000000000000000E+000
   36  0.00000000000000000E+000
   37  0.00000000000000000E+000
   38  0.00000000000000000E+000
   39  0.00000000000000000E+000
   40  0.00000000000000000E+000
   41  0.00000000000000000E+000
   42  0.00000000000000000E+000
   43  0.00000000000000000E+000
   44  0.00000000000000000E+000
   45  0.00000000000000000E+000
   46  0.00000000000000000E+000
   47  0.00000000000000000E+000
   48  0.00000000000000000E+000
   49  0.00000000000000000E+000
   50  0.00000000000000000E+000
   51  0.00000000000000000E+000
   52  0.00000000000000000E+000
   53  0.00000000000000000E+000
   54  0.00000000000000000E+000
   55  0.00000000000000000E+000
   56  0.00000000000000000E+000
   57  0.00000000000000000E+000
   58  0.00000000000000000E+000
   59  0.00000000000000000E+000
   60  0.00000000000000000E+000
   61  0.00000000000000000E+000
   62  0.00000000000000000E+000
   63  0.00000000000000000E+000
   64  0.00000000000000000E+000
   65  0.00000000000000000E+000
   66  0.00000000000000000E+000
   67  0.00000000000000000E+000
   68  0.00000000000000000E+000
   69  0.00000000000000000E+000
   70  0.00000000000000000E+000
   71  0.00000000000000000E+000
   72  0.00000000000000000E+000
   73  0.00000000000000000E+000
   74  0.00000000000000000E+000
   75  0.00000000000000000E+000
   76  0.00000000000000000E+000
   77  0.00000000000000000E+000
   78  0.00000000000000000E+000
   79  0.00000000000000000E+000
   80  0.00000000000000000E+000
   81  0.00000000000000000E+000
   82  0.00000000000000000E+000
   83  0.00000000000000000E+000
   84  0.00000000000000000E+000
   85  0.00000000000000000E+000
   86  0.00000000000000000E+000
   87  0.00000000000000000E+000
   88  0.00000000000000000E+000
   89  0.00000000000000000E+000
   90  0.00000000000000000E+000
   91  0.00000000000000000E+000
   92  0.00000000000000000E+000
   93  0.00000000000000000E+000
   94  0.00000000000000000E+000
   95  0.00000000000000000E+000
   96  0.00000000000000000E+000
   97  0.00000000000000000E+000
   98  0.00000000000000000E+000
   99  0.00000000000000000E+000
  100  0.00000000000000000E+000
  101  0.00000000000000000E+000
  102  0.00000000000000000E+000
  103  0.00000000000000000E+000
  104  0.00000000000000000E+000
  105  0.00000000000000000E+000
  106  0.00000000000000000E+000
  107  0.00000000000000000E+000
  108  0.00000000000000000E+000
  109  0.00000000000000000E+000
  110  0.00000000000000000E+000
  111  0.00000000000000000E+000
  112  0.00000000000000000E+000
  113  0.00000000000000000E+000
  114  0.00000000000000000E+000
  115  0.00000000000000000E+000
  116  0.00000000000000000E+000
  117  0.00000000000000000E+000
  118  0.00000000000000000E+000
  119  0.00000000000000000E+000
  120  0.00000000000000000E+000
  121  0.00000000000000000E+000
  122  0.00000000000000000E+000
  123  0.00000000000000000E+000
  124  0.00000000000000000E+000
  125  0.00000000000000000E+000
  126  0.00000000000000000E+000
  127  0.00000000000000000E+000
  128  0.00000000000000000E+000
  129  0.00000000000000000E+000
  130  0.00000000000000000E+000
  131  0.00000000000000000E+000
  132  0.00000000000000000E+000
  133  0.00000000000000000E+000
  134  0.00000000000000000E+000
  135  0.00000000000000000E+000
  136  0.00000000000000000E+000
  137  0.00000000000000000E+000
  138  0.00000000000000000E+000
  139  0.00000000000000000E+000
  140  0.00000000000000000E+000
  141  0.00000000000000000E+000
  142  0.00000000000000000E+000
  143  0.00000000000000000E+000
  144  0.00000000000000000E+000
  145  0.00000000000000000E+000
  146  0.00000000000000000E+000
  147  0.00000000000000000E+000
  148  0.00000000000000000E+000
  149  0.00000000000000000E+000
  150  0.00000000000000000E+000
  151  0.00000000000000000E+000
## spot_moist_land closure=2.50 mode=B step=1 s_awqv n=151
    1  0.00000000000000000E+000
    2  5.92701784311702772E-004
    3  4.69788060742584582E-004
    4  3.76698959412487678E-004
    5  2.19910111768612969E-003
    6  3.62221029556250964E-003
    7  3.23772801525133323E-003
    8  2.38703502952557602E-003
    9  2.28327096505304356E-003
   10  2.49174011235652826E-003
   11  2.60642556990545605E-003
   12  2.67419734798138948E-003
   13  2.72584446019557376E-003
   14  2.64969059481517206E-003
   15  2.45609837129393081E-003
   16  2.23455881497773177E-003
   17  2.06509210897777616E-003
   18  1.82936180768409197E-003
   19  1.59860230013069630E-003
   20  1.44951005218294003E-003
   21  7.96302738782680031E-004
   22  2.28909814391117518E-004
   23  4.75051999432039866E-006
   24  0.00000000000000000E+000
   25  0.00000000000000000E+000
   26  0.00000000000000000E+000
   27  0.00000000000000000E+000
   28  0.00000000000000000E+000
   29  0.00000000000000000E+000
   30  0.00000000000000000E+000
   31  0.00000000000000000E+000
   32  0.00000000000000000E+000
   33  0.00000000000000000E+000
   34  0.00000000000000000E+000
   35  0.00000000000000000E+000
   36  0.00000000000000000E+000
   37  0.00000000000000000E+000
   38  0.00000000000000000E+000
   39  0.00000000000000000E+000
   40  0.00000000000000000E+000
   41  0.00000000000000000E+000
   42  0.00000000000000000E+000
   43  0.00000000000000000E+000
   44  0.00000000000000000E+000
   45  0.00000000000000000E+000
   46  0.00000000000000000E+000
   47  0.00000000000000000E+000
   48  0.00000000000000000E+000
   49  0.00000000000000000E+000
   50  0.00000000000000000E+000
   51  0.00000000000000000E+000
   52  0.00000000000000000E+000
   53  0.00000000000000000E+000
   54  0.00000000000000000E+000
   55  0.00000000000000000E+000
   56  0.00000000000000000E+000
   57  0.00000000000000000E+000
   58  0.00000000000000000E+000
   59  0.00000000000000000E+000
   60  0.00000000000000000E+000
   61  0.00000000000000000E+000
   62  0.00000000000000000E+000
   63  0.00000000000000000E+000
   64  0.00000000000000000E+000
   65  0.00000000000000000E+000
   66  0.00000000000000000E+000
   67  0.00000000000000000E+000
   68  0.00000000000000000E+000
   69  0.00000000000000000E+000
   70  0.00000000000000000E+000
   71  0.00000000000000000E+000
   72  0.00000000000000000E+000
   73  0.00000000000000000E+000
   74  0.00000000000000000E+000
   75  0.00000000000000000E+000
   76  0.00000000000000000E+000
   77  0.00000000000000000E+000
   78  0.00000000000000000E+000
   79  0.00000000000000000E+000
   80  0.00000000000000000E+000
   81  0.00000000000000000E+000
   82  0.00000000000000000E+000
   83  0.00000000000000000E+000
   84  0.00000000000000000E+000
   85  0.00000000000000000E+000
   86  0.00000000000000000E+000
   87  0.00000000000000000E+000
   88  0.00000000000000000E+000
   89  0.00000000000000000E+000
   90  0.00000000000000000E+000
   91  0.00000000000000000E+000
   92  0.00000000000000000E+000
   93  0.00000000000000000E+000
   94  0.00000000000000000E+000
   95  0.00000000000000000E+000
   96  0.00000000000000000E+000
   97  0.00000000000000000E+000
   98  0.00000000000000000E+000
   99  0.00000000000000000E+000
  100  0.00000000000000000E+000
  101  0.00000000000000000E+000
  102  0.00000000000000000E+000
  103  0.00000000000000000E+000
  104  0.00000000000000000E+000
  105  0.00000000000000000E+000
  106  0.00000000000000000E+000
  107  0.00000000000000000E+000
  108  0.00000000000000000E+000
  109  0.00000000000000000E+000
  110  0.00000000000000000E+000
  111  0.00000000000000000E+000
  112  0.00000000000000000E+000
  113  0.00000000000000000E+000
  114  0.00000000000000000E+000
  115  0.00000000000000000E+000
  116  0.00000000000000000E+000
  117  0.00000000000000000E+000
  118  0.00000000000000000E+000
  119  0.00000000000000000E+000
  120  0.00000000000000000E+000
  121  0.00000000000000000E+000
  122  0.00000000000000000E+000
  123  0.00000000000000000E+000
  124  0.00000000000000000E+000
  125  0.00000000000000000E+000
  126  0.00000000000000000E+000
  127  0.00000000000000000E+000
  128  0.00000000000000000E+000
  129  0.00000000000000000E+000
  130  0.00000000000000000E+000
  131  0.00000000000000000E+000
  132  0.00000000000000000E+000
  133  0.00000000000000000E+000
  134  0.00000000000000000E+000
  135  0.00000000000000000E+000
  136  0.00000000000000000E+000
  137  0.00000000000000000E+000
  138  0.00000000000000000E+000
  139  0.00000000000000000E+000
  140  0.00000000000000000E+000
  141  0.00000000000000000E+000
  142  0.00000000000000000E+000
  143  0.00000000000000000E+000
  144  0.00000000000000000E+000
  145  0.00000000000000000E+000
  146  0.00000000000000000E+000
  147  0.00000000000000000E+000
  148  0.00000000000000000E+000
  149  0.00000000000000000E+000
  150  0.00000000000000000E+000
  151  0.00000000000000000E+000
## spot_moist_land closure=2.50 mode=B step=1 s_awqc n=151
    1  0.00000000000000000E+000
    2  0.00000000000000000E+000
    3  0.00000000000000000E+000
    4  0.00000000000000000E+000
    5  3.66843606365865692E-005
    6  1.67965232122803409E-004
    7  2.16095640778871990E-004
    8  1.94376606511091794E-004
    9  2.34079800980050020E-004
   10  2.82428744253773994E-004
   11  3.24508581973086303E-004
   12  3.85069118368567263E-004
   13  4.22518178260247854E-004
   14  4.40877263854205846E-004
   15  4.62103657404847740E-004
   16  4.54361784607757097E-004
   17  4.45380247426654138E-004
   18  4.40202178877402417E-004
   19  4.14731822709432695E-004
   20  3.97752274142232104E-004
   21  1.99728455792678891E-004
   22  3.78980922025560848E-005
   23  1.85577241229596984E-007
   24  0.00000000000000000E+000
   25  0.00000000000000000E+000
   26  0.00000000000000000E+000
   27  0.00000000000000000E+000
   28  0.00000000000000000E+000
   29  0.00000000000000000E+000
   30  0.00000000000000000E+000
   31  0.00000000000000000E+000
   32  0.00000000000000000E+000
   33  0.00000000000000000E+000
   34  0.00000000000000000E+000
   35  0.00000000000000000E+000
   36  0.00000000000000000E+000
   37  0.00000000000000000E+000
   38  0.00000000000000000E+000
   39  0.00000000000000000E+000
   40  0.00000000000000000E+000
   41  0.00000000000000000E+000
   42  0.00000000000000000E+000
   43  0.00000000000000000E+000
   44  0.00000000000000000E+000
   45  0.00000000000000000E+000
   46  0.00000000000000000E+000
   47  0.00000000000000000E+000
   48  0.00000000000000000E+000
   49  0.00000000000000000E+000
   50  0.00000000000000000E+000
   51  0.00000000000000000E+000
   52  0.00000000000000000E+000
   53  0.00000000000000000E+000
   54  0.00000000000000000E+000
   55  0.00000000000000000E+000
   56  0.00000000000000000E+000
   57  0.00000000000000000E+000
   58  0.00000000000000000E+000
   59  0.00000000000000000E+000
   60  0.00000000000000000E+000
   61  0.00000000000000000E+000
   62  0.00000000000000000E+000
   63  0.00000000000000000E+000
   64  0.00000000000000000E+000
   65  0.00000000000000000E+000
   66  0.00000000000000000E+000
   67  0.00000000000000000E+000
   68  0.00000000000000000E+000
   69  0.00000000000000000E+000
   70  0.00000000000000000E+000
   71  0.00000000000000000E+000
   72  0.00000000000000000E+000
   73  0.00000000000000000E+000
   74  0.00000000000000000E+000
   75  0.00000000000000000E+000
   76  0.00000000000000000E+000
   77  0.00000000000000000E+000
   78  0.00000000000000000E+000
   79  0.00000000000000000E+000
   80  0.00000000000000000E+000
   81  0.00000000000000000E+000
   82  0.00000000000000000E+000
   83  0.00000000000000000E+000
   84  0.00000000000000000E+000
   85  0.00000000000000000E+000
   86  0.00000000000000000E+000
   87  0.00000000000000000E+000
   88  0.00000000000000000E+000
   89  0.00000000000000000E+000
   90  0.00000000000000000E+000
   91  0.00000000000000000E+000
   92  0.00000000000000000E+000
   93  0.00000000000000000E+000
   94  0.00000000000000000E+000
   95  0.00000000000000000E+000
   96  0.00000000000000000E+000
   97  0.00000000000000000E+000
   98  0.00000000000000000E+000
   99  0.00000000000000000E+000
  100  0.00000000000000000E+000
  101  0.00000000000000000E+000
  102  0.00000000000000000E+000
  103  0.00000000000000000E+000
  104  0.00000000000000000E+000
  105  0.00000000000000000E+000
  106  0.00000000000000000E+000
  107  0.00000000000000000E+000
  108  0.00000000000000000E+000
  109  0.00000000000000000E+000
  110  0.00000000000000000E+000
  111  0.00000000000000000E+000
  112  0.00000000000000000E+000
  113  0.00000000000000000E+000
  114  0.00000000000000000E+000
  115  0.00000000000000000E+000
  116  0.00000000000000000E+000
  117  0.00000000000000000E+000
  118  0.00000000000000000E+000
  119  0.00000000000000000E+000
  120  0.00000000000000000E+000
  121  0.00000000000000000E+000
  122  0.00000000000000000E+000
  123  0.00000000000000000E+000
  124  0.00000000000000000E+000
  125  0.00000000000000000E+000
  126  0.00000000000000000E+000
  127  0.00000000000000000E+000
  128  0.00000000000000000E+000
  129  0.00000000000000000E+000
  130  0.00000000000000000E+000
  131  0.00000000000000000E+000
  132  0.00000000000000000E+000
  133  0.00000000000000000E+000
  134  0.00000000000000000E+000
  135  0.00000000000000000E+000
  136  0.00000000000000000E+000
  137  0.00000000000000000E+000
  138  0.00000000000000000E+000
  139  0.00000000000000000E+000
  140  0.00000000000000000E+000
  141  0.00000000000000000E+000
  142  0.00000000000000000E+000
  143  0.00000000000000000E+000
  144  0.00000000000000000E+000
  145  0.00000000000000000E+000
  146  0.00000000000000000E+000
  147  0.00000000000000000E+000
  148  0.00000000000000000E+000
  149  0.00000000000000000E+000
  150  0.00000000000000000E+000
  151  0.00000000000000000E+000
## spot_moist_land closure=2.50 mode=B step=1 s_awu n=151
    1  0.00000000000000000E+000
    2  1.66534462879168343E-001
    3  1.32004056516229040E-001
    4  1.05849573018628088E-001
    5  6.28313733052852763E-001
    6  1.06517890928593362E+000
    7  9.70658644062195375E-001
    8  7.27850241456648894E-001
    9  7.22454815126802652E-001
   10  8.14017571172644727E-001
   11  8.81500866136320171E-001
   12  9.56373529727118199E-001
   13  1.01726859421779126E+000
   14  1.03330460221362519E+000
   15  1.02297280588220851E+000
   16  9.73961325190768612E-001
   17  9.46595367448772484E-001
   18  9.02467514909799595E-001
   19  8.27864336011658208E-001
   20  7.92798206882179057E-001
   21  4.98384595747642933E-001
   22  1.65269737117529847E-001
   23  3.99817380827948484E-003
   24  0.00000000000000000E+000
   25  0.00000000000000000E+000
   26  0.00000000000000000E+000
   27  0.00000000000000000E+000
   28  0.00000000000000000E+000
   29  0.00000000000000000E+000
   30  0.00000000000000000E+000
   31  0.00000000000000000E+000
   32  0.00000000000000000E+000
   33  0.00000000000000000E+000
   34  0.00000000000000000E+000
   35  0.00000000000000000E+000
   36  0.00000000000000000E+000
   37  0.00000000000000000E+000
   38  0.00000000000000000E+000
   39  0.00000000000000000E+000
   40  0.00000000000000000E+000
   41  0.00000000000000000E+000
   42  0.00000000000000000E+000
   43  0.00000000000000000E+000
   44  0.00000000000000000E+000
   45  0.00000000000000000E+000
   46  0.00000000000000000E+000
   47  0.00000000000000000E+000
   48  0.00000000000000000E+000
   49  0.00000000000000000E+000
   50  0.00000000000000000E+000
   51  0.00000000000000000E+000
   52  0.00000000000000000E+000
   53  0.00000000000000000E+000
   54  0.00000000000000000E+000
   55  0.00000000000000000E+000
   56  0.00000000000000000E+000
   57  0.00000000000000000E+000
   58  0.00000000000000000E+000
   59  0.00000000000000000E+000
   60  0.00000000000000000E+000
   61  0.00000000000000000E+000
   62  0.00000000000000000E+000
   63  0.00000000000000000E+000
   64  0.00000000000000000E+000
   65  0.00000000000000000E+000
   66  0.00000000000000000E+000
   67  0.00000000000000000E+000
   68  0.00000000000000000E+000
   69  0.00000000000000000E+000
   70  0.00000000000000000E+000
   71  0.00000000000000000E+000
   72  0.00000000000000000E+000
   73  0.00000000000000000E+000
   74  0.00000000000000000E+000
   75  0.00000000000000000E+000
   76  0.00000000000000000E+000
   77  0.00000000000000000E+000
   78  0.00000000000000000E+000
   79  0.00000000000000000E+000
   80  0.00000000000000000E+000
   81  0.00000000000000000E+000
   82  0.00000000000000000E+000
   83  0.00000000000000000E+000
   84  0.00000000000000000E+000
   85  0.00000000000000000E+000
   86  0.00000000000000000E+000
   87  0.00000000000000000E+000
   88  0.00000000000000000E+000
   89  0.00000000000000000E+000
   90  0.00000000000000000E+000
   91  0.00000000000000000E+000
   92  0.00000000000000000E+000
   93  0.00000000000000000E+000
   94  0.00000000000000000E+000
   95  0.00000000000000000E+000
   96  0.00000000000000000E+000
   97  0.00000000000000000E+000
   98  0.00000000000000000E+000
   99  0.00000000000000000E+000
  100  0.00000000000000000E+000
  101  0.00000000000000000E+000
  102  0.00000000000000000E+000
  103  0.00000000000000000E+000
  104  0.00000000000000000E+000
  105  0.00000000000000000E+000
  106  0.00000000000000000E+000
  107  0.00000000000000000E+000
  108  0.00000000000000000E+000
  109  0.00000000000000000E+000
  110  0.00000000000000000E+000
  111  0.00000000000000000E+000
  112  0.00000000000000000E+000
  113  0.00000000000000000E+000
  114  0.00000000000000000E+000
  115  0.00000000000000000E+000
  116  0.00000000000000000E+000
  117  0.00000000000000000E+000
  118  0.00000000000000000E+000
  119  0.00000000000000000E+000
  120  0.00000000000000000E+000
  121  0.00000000000000000E+000
  122  0.00000000000000000E+000
  123  0.00000000000000000E+000
  124  0.00000000000000000E+000
  125  0.00000000000000000E+000
  126  0.00000000000000000E+000
  127  0.00000000000000000E+000
  128  0.00000000000000000E+000
  129  0.00000000000000000E+000
  130  0.00000000000000000E+000
  131  0.00000000000000000E+000
  132  0.00000000000000000E+000
  133  0.00000000000000000E+000
  134  0.00000000000000000E+000
  135  0.00000000000000000E+000
  136  0.00000000000000000E+000
  137  0.00000000000000000E+000
  138  0.00000000000000000E+000
  139  0.00000000000000000E+000
  140  0.00000000000000000E+000
  141  0.00000000000000000E+000
  142  0.00000000000000000E+000
  143  0.00000000000000000E+000
  144  0.00000000000000000E+000
  145  0.00000000000000000E+000
  146  0.00000000000000000E+000
  147  0.00000000000000000E+000
  148  0.00000000000000000E+000
  149  0.00000000000000000E+000
  150  0.00000000000000000E+000
  151  0.00000000000000000E+000
## spot_moist_land closure=2.50 mode=B step=1 s_awv n=151
    1  0.00000000000000000E+000
    2  0.00000000000000000E+000
    3  0.00000000000000000E+000
    4  0.00000000000000000E+000
    5  0.00000000000000000E+000
    6  0.00000000000000000E+000
    7  0.00000000000000000E+000
    8  0.00000000000000000E+000
    9  0.00000000000000000E+000
   10  0.00000000000000000E+000
   11  0.00000000000000000E+000
   12  0.00000000000000000E+000
   13  0.00000000000000000E+000
   14  0.00000000000000000E+000
   15  0.00000000000000000E+000
   16  0.00000000000000000E+000
   17  0.00000000000000000E+000
   18  0.00000000000000000E+000
   19  0.00000000000000000E+000
   20  0.00000000000000000E+000
   21  0.00000000000000000E+000
   22  0.00000000000000000E+000
   23  0.00000000000000000E+000
   24  0.00000000000000000E+000
   25  0.00000000000000000E+000
   26  0.00000000000000000E+000
   27  0.00000000000000000E+000
   28  0.00000000000000000E+000
   29  0.00000000000000000E+000
   30  0.00000000000000000E+000
   31  0.00000000000000000E+000
   32  0.00000000000000000E+000
   33  0.00000000000000000E+000
   34  0.00000000000000000E+000
   35  0.00000000000000000E+000
   36  0.00000000000000000E+000
   37  0.00000000000000000E+000
   38  0.00000000000000000E+000
   39  0.00000000000000000E+000
   40  0.00000000000000000E+000
   41  0.00000000000000000E+000
   42  0.00000000000000000E+000
   43  0.00000000000000000E+000
   44  0.00000000000000000E+000
   45  0.00000000000000000E+000
   46  0.00000000000000000E+000
   47  0.00000000000000000E+000
   48  0.00000000000000000E+000
   49  0.00000000000000000E+000
   50  0.00000000000000000E+000
   51  0.00000000000000000E+000
   52  0.00000000000000000E+000
   53  0.00000000000000000E+000
   54  0.00000000000000000E+000
   55  0.00000000000000000E+000
   56  0.00000000000000000E+000
   57  0.00000000000000000E+000
   58  0.00000000000000000E+000
   59  0.00000000000000000E+000
   60  0.00000000000000000E+000
   61  0.00000000000000000E+000
   62  0.00000000000000000E+000
   63  0.00000000000000000E+000
   64  0.00000000000000000E+000
   65  0.00000000000000000E+000
   66  0.00000000000000000E+000
   67  0.00000000000000000E+000
   68  0.00000000000000000E+000
   69  0.00000000000000000E+000
   70  0.00000000000000000E+000
   71  0.00000000000000000E+000
   72  0.00000000000000000E+000
   73  0.00000000000000000E+000
   74  0.00000000000000000E+000
   75  0.00000000000000000E+000
   76  0.00000000000000000E+000
   77  0.00000000000000000E+000
   78  0.00000000000000000E+000
   79  0.00000000000000000E+000
   80  0.00000000000000000E+000
   81  0.00000000000000000E+000
   82  0.00000000000000000E+000
   83  0.00000000000000000E+000
   84  0.00000000000000000E+000
   85  0.00000000000000000E+000
   86  0.00000000000000000E+000
   87  0.00000000000000000E+000
   88  0.00000000000000000E+000
   89  0.00000000000000000E+000
   90  0.00000000000000000E+000
   91  0.00000000000000000E+000
   92  0.00000000000000000E+000
   93  0.00000000000000000E+000
   94  0.00000000000000000E+000
   95  0.00000000000000000E+000
   96  0.00000000000000000E+000
   97  0.00000000000000000E+000
   98  0.00000000000000000E+000
   99  0.00000000000000000E+000
  100  0.00000000000000000E+000
  101  0.00000000000000000E+000
  102  0.00000000000000000E+000
  103  0.00000000000000000E+000
  104  0.00000000000000000E+000
  105  0.00000000000000000E+000
  106  0.00000000000000000E+000
  107  0.00000000000000000E+000
  108  0.00000000000000000E+000
  109  0.00000000000000000E+000
  110  0.00000000000000000E+000
  111  0.00000000000000000E+000
  112  0.00000000000000000E+000
  113  0.00000000000000000E+000
  114  0.00000000000000000E+000
  115  0.00000000000000000E+000
  116  0.00000000000000000E+000
  117  0.00000000000000000E+000
  118  0.00000000000000000E+000
  119  0.00000000000000000E+000
  120  0.00000000000000000E+000
  121  0.00000000000000000E+000
  122  0.00000000000000000E+000
  123  0.00000000000000000E+000
  124  0.00000000000000000E+000
  125  0.00000000000000000E+000
  126  0.00000000000000000E+000
  127  0.00000000000000000E+000
  128  0.00000000000000000E+000
  129  0.00000000000000000E+000
  130  0.00000000000000000E+000
  131  0.00000000000000000E+000
  132  0.00000000000000000E+000
  133  0.00000000000000000E+000
  134  0.00000000000000000E+000
  135  0.00000000000000000E+000
  136  0.00000000000000000E+000
  137  0.00000000000000000E+000
  138  0.00000000000000000E+000
  139  0.00000000000000000E+000
  140  0.00000000000000000E+000
  141  0.00000000000000000E+000
  142  0.00000000000000000E+000
  143  0.00000000000000000E+000
  144  0.00000000000000000E+000
  145  0.00000000000000000E+000
  146  0.00000000000000000E+000
  147  0.00000000000000000E+000
  148  0.00000000000000000E+000
  149  0.00000000000000000E+000
  150  0.00000000000000000E+000
  151  0.00000000000000000E+000
## spot_moist_land closure=2.50 mode=B step=1 s_awqke n=151
    1  0.00000000000000000E+000
    2  0.00000000000000000E+000
    3  0.00000000000000000E+000
    4  0.00000000000000000E+000
    5  0.00000000000000000E+000
    6  0.00000000000000000E+000
    7  0.00000000000000000E+000
    8  0.00000000000000000E+000
    9  0.00000000000000000E+000
   10  0.00000000000000000E+000
   11  0.00000000000000000E+000
   12  0.00000000000000000E+000
   13  0.00000000000000000E+000
   14  0.00000000000000000E+000
   15  0.00000000000000000E+000
   16  0.00000000000000000E+000
   17  0.00000000000000000E+000
   18  0.00000000000000000E+000
   19  0.00000000000000000E+000
   20  0.00000000000000000E+000
   21  0.00000000000000000E+000
   22  0.00000000000000000E+000
   23  0.00000000000000000E+000
   24  0.00000000000000000E+000
   25  0.00000000000000000E+000
   26  0.00000000000000000E+000
   27  0.00000000000000000E+000
   28  0.00000000000000000E+000
   29  0.00000000000000000E+000
   30  0.00000000000000000E+000
   31  0.00000000000000000E+000
   32  0.00000000000000000E+000
   33  0.00000000000000000E+000
   34  0.00000000000000000E+000
   35  0.00000000000000000E+000
   36  0.00000000000000000E+000
   37  0.00000000000000000E+000
   38  0.00000000000000000E+000
   39  0.00000000000000000E+000
   40  0.00000000000000000E+000
   41  0.00000000000000000E+000
   42  0.00000000000000000E+000
   43  0.00000000000000000E+000
   44  0.00000000000000000E+000
   45  0.00000000000000000E+000
   46  0.00000000000000000E+000
   47  0.00000000000000000E+000
   48  0.00000000000000000E+000
   49  0.00000000000000000E+000
   50  0.00000000000000000E+000
   51  0.00000000000000000E+000
   52  0.00000000000000000E+000
   53  0.00000000000000000E+000
   54  0.00000000000000000E+000
   55  0.00000000000000000E+000
   56  0.00000000000000000E+000
   57  0.00000000000000000E+000
   58  0.00000000000000000E+000
   59  0.00000000000000000E+000
   60  0.00000000000000000E+000
   61  0.00000000000000000E+000
   62  0.00000000000000000E+000
   63  0.00000000000000000E+000
   64  0.00000000000000000E+000
   65  0.00000000000000000E+000
   66  0.00000000000000000E+000
   67  0.00000000000000000E+000
   68  0.00000000000000000E+000
   69  0.00000000000000000E+000
   70  0.00000000000000000E+000
   71  0.00000000000000000E+000
   72  0.00000000000000000E+000
   73  0.00000000000000000E+000
   74  0.00000000000000000E+000
   75  0.00000000000000000E+000
   76  0.00000000000000000E+000
   77  0.00000000000000000E+000
   78  0.00000000000000000E+000
   79  0.00000000000000000E+000
   80  0.00000000000000000E+000
   81  0.00000000000000000E+000
   82  0.00000000000000000E+000
   83  0.00000000000000000E+000
   84  0.00000000000000000E+000
   85  0.00000000000000000E+000
   86  0.00000000000000000E+000
   87  0.00000000000000000E+000
   88  0.00000000000000000E+000
   89  0.00000000000000000E+000
   90  0.00000000000000000E+000
   91  0.00000000000000000E+000
   92  0.00000000000000000E+000
   93  0.00000000000000000E+000
   94  0.00000000000000000E+000
   95  0.00000000000000000E+000
   96  0.00000000000000000E+000
   97  0.00000000000000000E+000
   98  0.00000000000000000E+000
   99  0.00000000000000000E+000
  100  0.00000000000000000E+000
  101  0.00000000000000000E+000
  102  0.00000000000000000E+000
  103  0.00000000000000000E+000
  104  0.00000000000000000E+000
  105  0.00000000000000000E+000
  106  0.00000000000000000E+000
  107  0.00000000000000000E+000
  108  0.00000000000000000E+000
  109  0.00000000000000000E+000
  110  0.00000000000000000E+000
  111  0.00000000000000000E+000
  112  0.00000000000000000E+000
  113  0.00000000000000000E+000
  114  0.00000000000000000E+000
  115  0.00000000000000000E+000
  116  0.00000000000000000E+000
  117  0.00000000000000000E+000
  118  0.00000000000000000E+000
  119  0.00000000000000000E+000
  120  0.00000000000000000E+000
  121  0.00000000000000000E+000
  122  0.00000000000000000E+000
  123  0.00000000000000000E+000
  124  0.00000000000000000E+000
  125  0.00000000000000000E+000
  126  0.00000000000000000E+000
  127  0.00000000000000000E+000
  128  0.00000000000000000E+000
  129  0.00000000000000000E+000
  130  0.00000000000000000E+000
  131  0.00000000000000000E+000
  132  0.00000000000000000E+000
  133  0.00000000000000000E+000
  134  0.00000000000000000E+000
  135  0.00000000000000000E+000
  136  0.00000000000000000E+000
  137  0.00000000000000000E+000
  138  0.00000000000000000E+000
  139  0.00000000000000000E+000
  140  0.00000000000000000E+000
  141  0.00000000000000000E+000
  142  0.00000000000000000E+000
  143  0.00000000000000000E+000
  144  0.00000000000000000E+000
  145  0.00000000000000000E+000
  146  0.00000000000000000E+000
  147  0.00000000000000000E+000
  148  0.00000000000000000E+000
  149  0.00000000000000000E+000
  150  0.00000000000000000E+000
  151  0.00000000000000000E+000
## spot_moist_land closure=2.50 mode=B step=1 sub_thl n=150
    1  0.00000000000000000E+000
    2  0.00000000000000000E+000
    3  0.00000000000000000E+000
    4  0.00000000000000000E+000
    5  0.00000000000000000E+000
    6  0.00000000000000000E+000
    7  0.00000000000000000E+000
    8  0.00000000000000000E+000
    9  0.00000000000000000E+000
   10  0.00000000000000000E+000
   11  0.00000000000000000E+000
   12  0.00000000000000000E+000
   13  0.00000000000000000E+000
   14  0.00000000000000000E+000
   15  0.00000000000000000E+000
   16  0.00000000000000000E+000
   17  0.00000000000000000E+000
   18  0.00000000000000000E+000
   19  0.00000000000000000E+000
   20  0.00000000000000000E+000
   21  0.00000000000000000E+000
   22  0.00000000000000000E+000
   23  0.00000000000000000E+000
   24  0.00000000000000000E+000
   25  0.00000000000000000E+000
   26  0.00000000000000000E+000
   27  0.00000000000000000E+000
   28  0.00000000000000000E+000
   29  0.00000000000000000E+000
   30  0.00000000000000000E+000
   31  0.00000000000000000E+000
   32  0.00000000000000000E+000
   33  0.00000000000000000E+000
   34  0.00000000000000000E+000
   35  0.00000000000000000E+000
   36  0.00000000000000000E+000
   37  0.00000000000000000E+000
   38  0.00000000000000000E+000
   39  0.00000000000000000E+000
   40  0.00000000000000000E+000
   41  0.00000000000000000E+000
   42  0.00000000000000000E+000
   43  0.00000000000000000E+000
   44  0.00000000000000000E+000
   45  0.00000000000000000E+000
   46  0.00000000000000000E+000
   47  0.00000000000000000E+000
   48  0.00000000000000000E+000
   49  0.00000000000000000E+000
   50  0.00000000000000000E+000
   51  0.00000000000000000E+000
   52  0.00000000000000000E+000
   53  0.00000000000000000E+000
   54  0.00000000000000000E+000
   55  0.00000000000000000E+000
   56  0.00000000000000000E+000
   57  0.00000000000000000E+000
   58  0.00000000000000000E+000
   59  0.00000000000000000E+000
   60  0.00000000000000000E+000
   61  0.00000000000000000E+000
   62  0.00000000000000000E+000
   63  0.00000000000000000E+000
   64  0.00000000000000000E+000
   65  0.00000000000000000E+000
   66  0.00000000000000000E+000
   67  0.00000000000000000E+000
   68  0.00000000000000000E+000
   69  0.00000000000000000E+000
   70  0.00000000000000000E+000
   71  0.00000000000000000E+000
   72  0.00000000000000000E+000
   73  0.00000000000000000E+000
   74  0.00000000000000000E+000
   75  0.00000000000000000E+000
   76  0.00000000000000000E+000
   77  0.00000000000000000E+000
   78  0.00000000000000000E+000
   79  0.00000000000000000E+000
   80  0.00000000000000000E+000
   81  0.00000000000000000E+000
   82  0.00000000000000000E+000
   83  0.00000000000000000E+000
   84  0.00000000000000000E+000
   85  0.00000000000000000E+000
   86  0.00000000000000000E+000
   87  0.00000000000000000E+000
   88  0.00000000000000000E+000
   89  0.00000000000000000E+000
   90  0.00000000000000000E+000
   91  0.00000000000000000E+000
   92  0.00000000000000000E+000
   93  0.00000000000000000E+000
   94  0.00000000000000000E+000
   95  0.00000000000000000E+000
   96  0.00000000000000000E+000
   97  0.00000000000000000E+000
   98  0.00000000000000000E+000
   99  0.00000000000000000E+000
  100  0.00000000000000000E+000
  101  0.00000000000000000E+000
  102  0.00000000000000000E+000
  103  0.00000000000000000E+000
  104  0.00000000000000000E+000
  105  0.00000000000000000E+000
  106  0.00000000000000000E+000
  107  0.00000000000000000E+000
  108  0.00000000000000000E+000
  109  0.00000000000000000E+000
  110  0.00000000000000000E+000
  111  0.00000000000000000E+000
  112  0.00000000000000000E+000
  113  0.00000000000000000E+000
  114  0.00000000000000000E+000
  115  0.00000000000000000E+000
  116  0.00000000000000000E+000
  117  0.00000000000000000E+000
  118  0.00000000000000000E+000
  119  0.00000000000000000E+000
  120  0.00000000000000000E+000
  121  0.00000000000000000E+000
  122  0.00000000000000000E+000
  123  0.00000000000000000E+000
  124  0.00000000000000000E+000
  125  0.00000000000000000E+000
  126  0.00000000000000000E+000
  127  0.00000000000000000E+000
  128  0.00000000000000000E+000
  129  0.00000000000000000E+000
  130  0.00000000000000000E+000
  131  0.00000000000000000E+000
  132  0.00000000000000000E+000
  133  0.00000000000000000E+000
  134  0.00000000000000000E+000
  135  0.00000000000000000E+000
  136  0.00000000000000000E+000
  137  0.00000000000000000E+000
  138  0.00000000000000000E+000
  139  0.00000000000000000E+000
  140  0.00000000000000000E+000
  141  0.00000000000000000E+000
  142  0.00000000000000000E+000
  143  0.00000000000000000E+000
  144  0.00000000000000000E+000
  145  0.00000000000000000E+000
  146  0.00000000000000000E+000
  147  0.00000000000000000E+000
  148  0.00000000000000000E+000
  149  0.00000000000000000E+000
  150  0.00000000000000000E+000
## spot_moist_land closure=2.50 mode=B step=1 sub_sqv n=150
    1  0.00000000000000000E+000
    2  0.00000000000000000E+000
    3  0.00000000000000000E+000
    4  0.00000000000000000E+000
    5  0.00000000000000000E+000
    6  0.00000000000000000E+000
    7  0.00000000000000000E+000
    8  0.00000000000000000E+000
    9  0.00000000000000000E+000
   10  0.00000000000000000E+000
   11  0.00000000000000000E+000
   12  0.00000000000000000E+000
   13  0.00000000000000000E+000
   14  0.00000000000000000E+000
   15  0.00000000000000000E+000
   16  0.00000000000000000E+000
   17  0.00000000000000000E+000
   18  0.00000000000000000E+000
   19  0.00000000000000000E+000
   20  0.00000000000000000E+000
   21  0.00000000000000000E+000
   22  0.00000000000000000E+000
   23  0.00000000000000000E+000
   24  0.00000000000000000E+000
   25  0.00000000000000000E+000
   26  0.00000000000000000E+000
   27  0.00000000000000000E+000
   28  0.00000000000000000E+000
   29  0.00000000000000000E+000
   30  0.00000000000000000E+000
   31  0.00000000000000000E+000
   32  0.00000000000000000E+000
   33  0.00000000000000000E+000
   34  0.00000000000000000E+000
   35  0.00000000000000000E+000
   36  0.00000000000000000E+000
   37  0.00000000000000000E+000
   38  0.00000000000000000E+000
   39  0.00000000000000000E+000
   40  0.00000000000000000E+000
   41  0.00000000000000000E+000
   42  0.00000000000000000E+000
   43  0.00000000000000000E+000
   44  0.00000000000000000E+000
   45  0.00000000000000000E+000
   46  0.00000000000000000E+000
   47  0.00000000000000000E+000
   48  0.00000000000000000E+000
   49  0.00000000000000000E+000
   50  0.00000000000000000E+000
   51  0.00000000000000000E+000
   52  0.00000000000000000E+000
   53  0.00000000000000000E+000
   54  0.00000000000000000E+000
   55  0.00000000000000000E+000
   56  0.00000000000000000E+000
   57  0.00000000000000000E+000
   58  0.00000000000000000E+000
   59  0.00000000000000000E+000
   60  0.00000000000000000E+000
   61  0.00000000000000000E+000
   62  0.00000000000000000E+000
   63  0.00000000000000000E+000
   64  0.00000000000000000E+000
   65  0.00000000000000000E+000
   66  0.00000000000000000E+000
   67  0.00000000000000000E+000
   68  0.00000000000000000E+000
   69  0.00000000000000000E+000
   70  0.00000000000000000E+000
   71  0.00000000000000000E+000
   72  0.00000000000000000E+000
   73  0.00000000000000000E+000
   74  0.00000000000000000E+000
   75  0.00000000000000000E+000
   76  0.00000000000000000E+000
   77  0.00000000000000000E+000
   78  0.00000000000000000E+000
   79  0.00000000000000000E+000
   80  0.00000000000000000E+000
   81  0.00000000000000000E+000
   82  0.00000000000000000E+000
   83  0.00000000000000000E+000
   84  0.00000000000000000E+000
   85  0.00000000000000000E+000
   86  0.00000000000000000E+000
   87  0.00000000000000000E+000
   88  0.00000000000000000E+000
   89  0.00000000000000000E+000
   90  0.00000000000000000E+000
   91  0.00000000000000000E+000
   92  0.00000000000000000E+000
   93  0.00000000000000000E+000
   94  0.00000000000000000E+000
   95  0.00000000000000000E+000
   96  0.00000000000000000E+000
   97  0.00000000000000000E+000
   98  0.00000000000000000E+000
   99  0.00000000000000000E+000
  100  0.00000000000000000E+000
  101  0.00000000000000000E+000
  102  0.00000000000000000E+000
  103  0.00000000000000000E+000
  104  0.00000000000000000E+000
  105  0.00000000000000000E+000
  106  0.00000000000000000E+000
  107  0.00000000000000000E+000
  108  0.00000000000000000E+000
  109  0.00000000000000000E+000
  110  0.00000000000000000E+000
  111  0.00000000000000000E+000
  112  0.00000000000000000E+000
  113  0.00000000000000000E+000
  114  0.00000000000000000E+000
  115  0.00000000000000000E+000
  116  0.00000000000000000E+000
  117  0.00000000000000000E+000
  118  0.00000000000000000E+000
  119  0.00000000000000000E+000
  120  0.00000000000000000E+000
  121  0.00000000000000000E+000
  122  0.00000000000000000E+000
  123  0.00000000000000000E+000
  124  0.00000000000000000E+000
  125  0.00000000000000000E+000
  126  0.00000000000000000E+000
  127  0.00000000000000000E+000
  128  0.00000000000000000E+000
  129  0.00000000000000000E+000
  130  0.00000000000000000E+000
  131  0.00000000000000000E+000
  132  0.00000000000000000E+000
  133  0.00000000000000000E+000
  134  0.00000000000000000E+000
  135  0.00000000000000000E+000
  136  0.00000000000000000E+000
  137  0.00000000000000000E+000
  138  0.00000000000000000E+000
  139  0.00000000000000000E+000
  140  0.00000000000000000E+000
  141  0.00000000000000000E+000
  142  0.00000000000000000E+000
  143  0.00000000000000000E+000
  144  0.00000000000000000E+000
  145  0.00000000000000000E+000
  146  0.00000000000000000E+000
  147  0.00000000000000000E+000
  148  0.00000000000000000E+000
  149  0.00000000000000000E+000
  150  0.00000000000000000E+000
## spot_moist_land closure=2.50 mode=B step=1 sub_u n=150
    1  0.00000000000000000E+000
    2  0.00000000000000000E+000
    3  0.00000000000000000E+000
    4  0.00000000000000000E+000
    5  0.00000000000000000E+000
    6  0.00000000000000000E+000
    7  0.00000000000000000E+000
    8  0.00000000000000000E+000
    9  0.00000000000000000E+000
   10  0.00000000000000000E+000
   11  0.00000000000000000E+000
   12  0.00000000000000000E+000
   13  0.00000000000000000E+000
   14  0.00000000000000000E+000
   15  0.00000000000000000E+000
   16  0.00000000000000000E+000
   17  0.00000000000000000E+000
   18  0.00000000000000000E+000
   19  0.00000000000000000E+000
   20  0.00000000000000000E+000
   21  0.00000000000000000E+000
   22  0.00000000000000000E+000
   23  0.00000000000000000E+000
   24  0.00000000000000000E+000
   25  0.00000000000000000E+000
   26  0.00000000000000000E+000
   27  0.00000000000000000E+000
   28  0.00000000000000000E+000
   29  0.00000000000000000E+000
   30  0.00000000000000000E+000
   31  0.00000000000000000E+000
   32  0.00000000000000000E+000
   33  0.00000000000000000E+000
   34  0.00000000000000000E+000
   35  0.00000000000000000E+000
   36  0.00000000000000000E+000
   37  0.00000000000000000E+000
   38  0.00000000000000000E+000
   39  0.00000000000000000E+000
   40  0.00000000000000000E+000
   41  0.00000000000000000E+000
   42  0.00000000000000000E+000
   43  0.00000000000000000E+000
   44  0.00000000000000000E+000
   45  0.00000000000000000E+000
   46  0.00000000000000000E+000
   47  0.00000000000000000E+000
   48  0.00000000000000000E+000
   49  0.00000000000000000E+000
   50  0.00000000000000000E+000
   51  0.00000000000000000E+000
   52  0.00000000000000000E+000
   53  0.00000000000000000E+000
   54  0.00000000000000000E+000
   55  0.00000000000000000E+000
   56  0.00000000000000000E+000
   57  0.00000000000000000E+000
   58  0.00000000000000000E+000
   59  0.00000000000000000E+000
   60  0.00000000000000000E+000
   61  0.00000000000000000E+000
   62  0.00000000000000000E+000
   63  0.00000000000000000E+000
   64  0.00000000000000000E+000
   65  0.00000000000000000E+000
   66  0.00000000000000000E+000
   67  0.00000000000000000E+000
   68  0.00000000000000000E+000
   69  0.00000000000000000E+000
   70  0.00000000000000000E+000
   71  0.00000000000000000E+000
   72  0.00000000000000000E+000
   73  0.00000000000000000E+000
   74  0.00000000000000000E+000
   75  0.00000000000000000E+000
   76  0.00000000000000000E+000
   77  0.00000000000000000E+000
   78  0.00000000000000000E+000
   79  0.00000000000000000E+000
   80  0.00000000000000000E+000
   81  0.00000000000000000E+000
   82  0.00000000000000000E+000
   83  0.00000000000000000E+000
   84  0.00000000000000000E+000
   85  0.00000000000000000E+000
   86  0.00000000000000000E+000
   87  0.00000000000000000E+000
   88  0.00000000000000000E+000
   89  0.00000000000000000E+000
   90  0.00000000000000000E+000
   91  0.00000000000000000E+000
   92  0.00000000000000000E+000
   93  0.00000000000000000E+000
   94  0.00000000000000000E+000
   95  0.00000000000000000E+000
   96  0.00000000000000000E+000
   97  0.00000000000000000E+000
   98  0.00000000000000000E+000
   99  0.00000000000000000E+000
  100  0.00000000000000000E+000
  101  0.00000000000000000E+000
  102  0.00000000000000000E+000
  103  0.00000000000000000E+000
  104  0.00000000000000000E+000
  105  0.00000000000000000E+000
  106  0.00000000000000000E+000
  107  0.00000000000000000E+000
  108  0.00000000000000000E+000
  109  0.00000000000000000E+000
  110  0.00000000000000000E+000
  111  0.00000000000000000E+000
  112  0.00000000000000000E+000
  113  0.00000000000000000E+000
  114  0.00000000000000000E+000
  115  0.00000000000000000E+000
  116  0.00000000000000000E+000
  117  0.00000000000000000E+000
  118  0.00000000000000000E+000
  119  0.00000000000000000E+000
  120  0.00000000000000000E+000
  121  0.00000000000000000E+000
  122  0.00000000000000000E+000
  123  0.00000000000000000E+000
  124  0.00000000000000000E+000
  125  0.00000000000000000E+000
  126  0.00000000000000000E+000
  127  0.00000000000000000E+000
  128  0.00000000000000000E+000
  129  0.00000000000000000E+000
  130  0.00000000000000000E+000
  131  0.00000000000000000E+000
  132  0.00000000000000000E+000
  133  0.00000000000000000E+000
  134  0.00000000000000000E+000
  135  0.00000000000000000E+000
  136  0.00000000000000000E+000
  137  0.00000000000000000E+000
  138  0.00000000000000000E+000
  139  0.00000000000000000E+000
  140  0.00000000000000000E+000
  141  0.00000000000000000E+000
  142  0.00000000000000000E+000
  143  0.00000000000000000E+000
  144  0.00000000000000000E+000
  145  0.00000000000000000E+000
  146  0.00000000000000000E+000
  147  0.00000000000000000E+000
  148  0.00000000000000000E+000
  149  0.00000000000000000E+000
  150  0.00000000000000000E+000
## spot_moist_land closure=2.50 mode=B step=1 sub_v n=150
    1  0.00000000000000000E+000
    2  0.00000000000000000E+000
    3  0.00000000000000000E+000
    4  0.00000000000000000E+000
    5  0.00000000000000000E+000
    6  0.00000000000000000E+000
    7  0.00000000000000000E+000
    8  0.00000000000000000E+000
    9  0.00000000000000000E+000
   10  0.00000000000000000E+000
   11  0.00000000000000000E+000
   12  0.00000000000000000E+000
   13  0.00000000000000000E+000
   14  0.00000000000000000E+000
   15  0.00000000000000000E+000
   16  0.00000000000000000E+000
   17  0.00000000000000000E+000
   18  0.00000000000000000E+000
   19  0.00000000000000000E+000
   20  0.00000000000000000E+000
   21  0.00000000000000000E+000
   22  0.00000000000000000E+000
   23  0.00000000000000000E+000
   24  0.00000000000000000E+000
   25  0.00000000000000000E+000
   26  0.00000000000000000E+000
   27  0.00000000000000000E+000
   28  0.00000000000000000E+000
   29  0.00000000000000000E+000
   30  0.00000000000000000E+000
   31  0.00000000000000000E+000
   32  0.00000000000000000E+000
   33  0.00000000000000000E+000
   34  0.00000000000000000E+000
   35  0.00000000000000000E+000
   36  0.00000000000000000E+000
   37  0.00000000000000000E+000
   38  0.00000000000000000E+000
   39  0.00000000000000000E+000
   40  0.00000000000000000E+000
   41  0.00000000000000000E+000
   42  0.00000000000000000E+000
   43  0.00000000000000000E+000
   44  0.00000000000000000E+000
   45  0.00000000000000000E+000
   46  0.00000000000000000E+000
   47  0.00000000000000000E+000
   48  0.00000000000000000E+000
   49  0.00000000000000000E+000
   50  0.00000000000000000E+000
   51  0.00000000000000000E+000
   52  0.00000000000000000E+000
   53  0.00000000000000000E+000
   54  0.00000000000000000E+000
   55  0.00000000000000000E+000
   56  0.00000000000000000E+000
   57  0.00000000000000000E+000
   58  0.00000000000000000E+000
   59  0.00000000000000000E+000
   60  0.00000000000000000E+000
   61  0.00000000000000000E+000
   62  0.00000000000000000E+000
   63  0.00000000000000000E+000
   64  0.00000000000000000E+000
   65  0.00000000000000000E+000
   66  0.00000000000000000E+000
   67  0.00000000000000000E+000
   68  0.00000000000000000E+000
   69  0.00000000000000000E+000
   70  0.00000000000000000E+000
   71  0.00000000000000000E+000
   72  0.00000000000000000E+000
   73  0.00000000000000000E+000
   74  0.00000000000000000E+000
   75  0.00000000000000000E+000
   76  0.00000000000000000E+000
   77  0.00000000000000000E+000
   78  0.00000000000000000E+000
   79  0.00000000000000000E+000
   80  0.00000000000000000E+000
   81  0.00000000000000000E+000
   82  0.00000000000000000E+000
   83  0.00000000000000000E+000
   84  0.00000000000000000E+000
   85  0.00000000000000000E+000
   86  0.00000000000000000E+000
   87  0.00000000000000000E+000
   88  0.00000000000000000E+000
   89  0.00000000000000000E+000
   90  0.00000000000000000E+000
   91  0.00000000000000000E+000
   92  0.00000000000000000E+000
   93  0.00000000000000000E+000
   94  0.00000000000000000E+000
   95  0.00000000000000000E+000
   96  0.00000000000000000E+000
   97  0.00000000000000000E+000
   98  0.00000000000000000E+000
   99  0.00000000000000000E+000
  100  0.00000000000000000E+000
  101  0.00000000000000000E+000
  102  0.00000000000000000E+000
  103  0.00000000000000000E+000
  104  0.00000000000000000E+000
  105  0.00000000000000000E+000
  106  0.00000000000000000E+000
  107  0.00000000000000000E+000
  108  0.00000000000000000E+000
  109  0.00000000000000000E+000
  110  0.00000000000000000E+000
  111  0.00000000000000000E+000
  112  0.00000000000000000E+000
  113  0.00000000000000000E+000
  114  0.00000000000000000E+000
  115  0.00000000000000000E+000
  116  0.00000000000000000E+000
  117  0.00000000000000000E+000
  118  0.00000000000000000E+000
  119  0.00000000000000000E+000
  120  0.00000000000000000E+000
  121  0.00000000000000000E+000
  122  0.00000000000000000E+000
  123  0.00000000000000000E+000
  124  0.00000000000000000E+000
  125  0.00000000000000000E+000
  126  0.00000000000000000E+000
  127  0.00000000000000000E+000
  128  0.00000000000000000E+000
  129  0.00000000000000000E+000
  130  0.00000000000000000E+000
  131  0.00000000000000000E+000
  132  0.00000000000000000E+000
  133  0.00000000000000000E+000
  134  0.00000000000000000E+000
  135  0.00000000000000000E+000
  136  0.00000000000000000E+000
  137  0.00000000000000000E+000
  138  0.00000000000000000E+000
  139  0.00000000000000000E+000
  140  0.00000000000000000E+000
  141  0.00000000000000000E+000
  142  0.00000000000000000E+000
  143  0.00000000000000000E+000
  144  0.00000000000000000E+000
  145  0.00000000000000000E+000
  146  0.00000000000000000E+000
  147  0.00000000000000000E+000
  148  0.00000000000000000E+000
  149  0.00000000000000000E+000
  150  0.00000000000000000E+000
## spot_moist_land closure=2.50 mode=B step=1 det_thl n=150
    1  0.00000000000000000E+000
    2  0.00000000000000000E+000
    3  0.00000000000000000E+000
    4  0.00000000000000000E+000
    5  0.00000000000000000E+000
    6  0.00000000000000000E+000
    7  0.00000000000000000E+000
    8  0.00000000000000000E+000
    9  0.00000000000000000E+000
   10  0.00000000000000000E+000
   11  0.00000000000000000E+000
   12  0.00000000000000000E+000
   13  0.00000000000000000E+000
   14  0.00000000000000000E+000
   15  0.00000000000000000E+000
   16  0.00000000000000000E+000
   17  0.00000000000000000E+000
   18  0.00000000000000000E+000
   19  0.00000000000000000E+000
   20  0.00000000000000000E+000
   21  0.00000000000000000E+000
   22  0.00000000000000000E+000
   23  0.00000000000000000E+000
   24  0.00000000000000000E+000
   25  0.00000000000000000E+000
   26  0.00000000000000000E+000
   27  0.00000000000000000E+000
   28  0.00000000000000000E+000
   29  0.00000000000000000E+000
   30  0.00000000000000000E+000
   31  0.00000000000000000E+000
   32  0.00000000000000000E+000
   33  0.00000000000000000E+000
   34  0.00000000000000000E+000
   35  0.00000000000000000E+000
   36  0.00000000000000000E+000
   37  0.00000000000000000E+000
   38  0.00000000000000000E+000
   39  0.00000000000000000E+000
   40  0.00000000000000000E+000
   41  0.00000000000000000E+000
   42  0.00000000000000000E+000
   43  0.00000000000000000E+000
   44  0.00000000000000000E+000
   45  0.00000000000000000E+000
   46  0.00000000000000000E+000
   47  0.00000000000000000E+000
   48  0.00000000000000000E+000
   49  0.00000000000000000E+000
   50  0.00000000000000000E+000
   51  0.00000000000000000E+000
   52  0.00000000000000000E+000
   53  0.00000000000000000E+000
   54  0.00000000000000000E+000
   55  0.00000000000000000E+000
   56  0.00000000000000000E+000
   57  0.00000000000000000E+000
   58  0.00000000000000000E+000
   59  0.00000000000000000E+000
   60  0.00000000000000000E+000
   61  0.00000000000000000E+000
   62  0.00000000000000000E+000
   63  0.00000000000000000E+000
   64  0.00000000000000000E+000
   65  0.00000000000000000E+000
   66  0.00000000000000000E+000
   67  0.00000000000000000E+000
   68  0.00000000000000000E+000
   69  0.00000000000000000E+000
   70  0.00000000000000000E+000
   71  0.00000000000000000E+000
   72  0.00000000000000000E+000
   73  0.00000000000000000E+000
   74  0.00000000000000000E+000
   75  0.00000000000000000E+000
   76  0.00000000000000000E+000
   77  0.00000000000000000E+000
   78  0.00000000000000000E+000
   79  0.00000000000000000E+000
   80  0.00000000000000000E+000
   81  0.00000000000000000E+000
   82  0.00000000000000000E+000
   83  0.00000000000000000E+000
   84  0.00000000000000000E+000
   85  0.00000000000000000E+000
   86  0.00000000000000000E+000
   87  0.00000000000000000E+000
   88  0.00000000000000000E+000
   89  0.00000000000000000E+000
   90  0.00000000000000000E+000
   91  0.00000000000000000E+000
   92  0.00000000000000000E+000
   93  0.00000000000000000E+000
   94  0.00000000000000000E+000
   95  0.00000000000000000E+000
   96  0.00000000000000000E+000
   97  0.00000000000000000E+000
   98  0.00000000000000000E+000
   99  0.00000000000000000E+000
  100  0.00000000000000000E+000
  101  0.00000000000000000E+000
  102  0.00000000000000000E+000
  103  0.00000000000000000E+000
  104  0.00000000000000000E+000
  105  0.00000000000000000E+000
  106  0.00000000000000000E+000
  107  0.00000000000000000E+000
  108  0.00000000000000000E+000
  109  0.00000000000000000E+000
  110  0.00000000000000000E+000
  111  0.00000000000000000E+000
  112  0.00000000000000000E+000
  113  0.00000000000000000E+000
  114  0.00000000000000000E+000
  115  0.00000000000000000E+000
  116  0.00000000000000000E+000
  117  0.00000000000000000E+000
  118  0.00000000000000000E+000
  119  0.00000000000000000E+000
  120  0.00000000000000000E+000
  121  0.00000000000000000E+000
  122  0.00000000000000000E+000
  123  0.00000000000000000E+000
  124  0.00000000000000000E+000
  125  0.00000000000000000E+000
  126  0.00000000000000000E+000
  127  0.00000000000000000E+000
  128  0.00000000000000000E+000
  129  0.00000000000000000E+000
  130  0.00000000000000000E+000
  131  0.00000000000000000E+000
  132  0.00000000000000000E+000
  133  0.00000000000000000E+000
  134  0.00000000000000000E+000
  135  0.00000000000000000E+000
  136  0.00000000000000000E+000
  137  0.00000000000000000E+000
  138  0.00000000000000000E+000
  139  0.00000000000000000E+000
  140  0.00000000000000000E+000
  141  0.00000000000000000E+000
  142  0.00000000000000000E+000
  143  0.00000000000000000E+000
  144  0.00000000000000000E+000
  145  0.00000000000000000E+000
  146  0.00000000000000000E+000
  147  0.00000000000000000E+000
  148  0.00000000000000000E+000
  149  0.00000000000000000E+000
  150  0.00000000000000000E+000
## spot_moist_land closure=2.50 mode=B step=1 det_sqv n=150
    1  0.00000000000000000E+000
    2  0.00000000000000000E+000
    3  0.00000000000000000E+000
    4  0.00000000000000000E+000
    5  0.00000000000000000E+000
    6  0.00000000000000000E+000
    7  0.00000000000000000E+000
    8  0.00000000000000000E+000
    9  0.00000000000000000E+000
   10  0.00000000000000000E+000
   11  0.00000000000000000E+000
   12  0.00000000000000000E+000
   13  0.00000000000000000E+000
   14  0.00000000000000000E+000
   15  0.00000000000000000E+000
   16  0.00000000000000000E+000
   17  0.00000000000000000E+000
   18  0.00000000000000000E+000
   19  0.00000000000000000E+000
   20  0.00000000000000000E+000
   21  0.00000000000000000E+000
   22  0.00000000000000000E+000
   23  0.00000000000000000E+000
   24  0.00000000000000000E+000
   25  0.00000000000000000E+000
   26  0.00000000000000000E+000
   27  0.00000000000000000E+000
   28  0.00000000000000000E+000
   29  0.00000000000000000E+000
   30  0.00000000000000000E+000
   31  0.00000000000000000E+000
   32  0.00000000000000000E+000
   33  0.00000000000000000E+000
   34  0.00000000000000000E+000
   35  0.00000000000000000E+000
   36  0.00000000000000000E+000
   37  0.00000000000000000E+000
   38  0.00000000000000000E+000
   39  0.00000000000000000E+000
   40  0.00000000000000000E+000
   41  0.00000000000000000E+000
   42  0.00000000000000000E+000
   43  0.00000000000000000E+000
   44  0.00000000000000000E+000
   45  0.00000000000000000E+000
   46  0.00000000000000000E+000
   47  0.00000000000000000E+000
   48  0.00000000000000000E+000
   49  0.00000000000000000E+000
   50  0.00000000000000000E+000
   51  0.00000000000000000E+000
   52  0.00000000000000000E+000
   53  0.00000000000000000E+000
   54  0.00000000000000000E+000
   55  0.00000000000000000E+000
   56  0.00000000000000000E+000
   57  0.00000000000000000E+000
   58  0.00000000000000000E+000
   59  0.00000000000000000E+000
   60  0.00000000000000000E+000
   61  0.00000000000000000E+000
   62  0.00000000000000000E+000
   63  0.00000000000000000E+000
   64  0.00000000000000000E+000
   65  0.00000000000000000E+000
   66  0.00000000000000000E+000
   67  0.00000000000000000E+000
   68  0.00000000000000000E+000
   69  0.00000000000000000E+000
   70  0.00000000000000000E+000
   71  0.00000000000000000E+000
   72  0.00000000000000000E+000
   73  0.00000000000000000E+000
   74  0.00000000000000000E+000
   75  0.00000000000000000E+000
   76  0.00000000000000000E+000
   77  0.00000000000000000E+000
   78  0.00000000000000000E+000
   79  0.00000000000000000E+000
   80  0.00000000000000000E+000
   81  0.00000000000000000E+000
   82  0.00000000000000000E+000
   83  0.00000000000000000E+000
   84  0.00000000000000000E+000
   85  0.00000000000000000E+000
   86  0.00000000000000000E+000
   87  0.00000000000000000E+000
   88  0.00000000000000000E+000
   89  0.00000000000000000E+000
   90  0.00000000000000000E+000
   91  0.00000000000000000E+000
   92  0.00000000000000000E+000
   93  0.00000000000000000E+000
   94  0.00000000000000000E+000
   95  0.00000000000000000E+000
   96  0.00000000000000000E+000
   97  0.00000000000000000E+000
   98  0.00000000000000000E+000
   99  0.00000000000000000E+000
  100  0.00000000000000000E+000
  101  0.00000000000000000E+000
  102  0.00000000000000000E+000
  103  0.00000000000000000E+000
  104  0.00000000000000000E+000
  105  0.00000000000000000E+000
  106  0.00000000000000000E+000
  107  0.00000000000000000E+000
  108  0.00000000000000000E+000
  109  0.00000000000000000E+000
  110  0.00000000000000000E+000
  111  0.00000000000000000E+000
  112  0.00000000000000000E+000
  113  0.00000000000000000E+000
  114  0.00000000000000000E+000
  115  0.00000000000000000E+000
  116  0.00000000000000000E+000
  117  0.00000000000000000E+000
  118  0.00000000000000000E+000
  119  0.00000000000000000E+000
  120  0.00000000000000000E+000
  121  0.00000000000000000E+000
  122  0.00000000000000000E+000
  123  0.00000000000000000E+000
  124  0.00000000000000000E+000
  125  0.00000000000000000E+000
  126  0.00000000000000000E+000
  127  0.00000000000000000E+000
  128  0.00000000000000000E+000
  129  0.00000000000000000E+000
  130  0.00000000000000000E+000
  131  0.00000000000000000E+000
  132  0.00000000000000000E+000
  133  0.00000000000000000E+000
  134  0.00000000000000000E+000
  135  0.00000000000000000E+000
  136  0.00000000000000000E+000
  137  0.00000000000000000E+000
  138  0.00000000000000000E+000
  139  0.00000000000000000E+000
  140  0.00000000000000000E+000
  141  0.00000000000000000E+000
  142  0.00000000000000000E+000
  143  0.00000000000000000E+000
  144  0.00000000000000000E+000
  145  0.00000000000000000E+000
  146  0.00000000000000000E+000
  147  0.00000000000000000E+000
  148  0.00000000000000000E+000
  149  0.00000000000000000E+000
  150  0.00000000000000000E+000
## spot_moist_land closure=2.50 mode=B step=1 det_sqc n=150
    1  0.00000000000000000E+000
    2  0.00000000000000000E+000
    3  0.00000000000000000E+000
    4  0.00000000000000000E+000
    5  0.00000000000000000E+000
    6  0.00000000000000000E+000
    7  0.00000000000000000E+000
    8  0.00000000000000000E+000
    9  0.00000000000000000E+000
   10  0.00000000000000000E+000
   11  0.00000000000000000E+000
   12  0.00000000000000000E+000
   13  0.00000000000000000E+000
   14  0.00000000000000000E+000
   15  0.00000000000000000E+000
   16  0.00000000000000000E+000
   17  0.00000000000000000E+000
   18  0.00000000000000000E+000
   19  0.00000000000000000E+000
   20  0.00000000000000000E+000
   21  0.00000000000000000E+000
   22  0.00000000000000000E+000
   23  0.00000000000000000E+000
   24  0.00000000000000000E+000
   25  0.00000000000000000E+000
   26  0.00000000000000000E+000
   27  0.00000000000000000E+000
   28  0.00000000000000000E+000
   29  0.00000000000000000E+000
   30  0.00000000000000000E+000
   31  0.00000000000000000E+000
   32  0.00000000000000000E+000
   33  0.00000000000000000E+000
   34  0.00000000000000000E+000
   35  0.00000000000000000E+000
   36  0.00000000000000000E+000
   37  0.00000000000000000E+000
   38  0.00000000000000000E+000
   39  0.00000000000000000E+000
   40  0.00000000000000000E+000
   41  0.00000000000000000E+000
   42  0.00000000000000000E+000
   43  0.00000000000000000E+000
   44  0.00000000000000000E+000
   45  0.00000000000000000E+000
   46  0.00000000000000000E+000
   47  0.00000000000000000E+000
   48  0.00000000000000000E+000
   49  0.00000000000000000E+000
   50  0.00000000000000000E+000
   51  0.00000000000000000E+000
   52  0.00000000000000000E+000
   53  0.00000000000000000E+000
   54  0.00000000000000000E+000
   55  0.00000000000000000E+000
   56  0.00000000000000000E+000
   57  0.00000000000000000E+000
   58  0.00000000000000000E+000
   59  0.00000000000000000E+000
   60  0.00000000000000000E+000
   61  0.00000000000000000E+000
   62  0.00000000000000000E+000
   63  0.00000000000000000E+000
   64  0.00000000000000000E+000
   65  0.00000000000000000E+000
   66  0.00000000000000000E+000
   67  0.00000000000000000E+000
   68  0.00000000000000000E+000
   69  0.00000000000000000E+000
   70  0.00000000000000000E+000
   71  0.00000000000000000E+000
   72  0.00000000000000000E+000
   73  0.00000000000000000E+000
   74  0.00000000000000000E+000
   75  0.00000000000000000E+000
   76  0.00000000000000000E+000
   77  0.00000000000000000E+000
   78  0.00000000000000000E+000
   79  0.00000000000000000E+000
   80  0.00000000000000000E+000
   81  0.00000000000000000E+000
   82  0.00000000000000000E+000
   83  0.00000000000000000E+000
   84  0.00000000000000000E+000
   85  0.00000000000000000E+000
   86  0.00000000000000000E+000
   87  0.00000000000000000E+000
   88  0.00000000000000000E+000
   89  0.00000000000000000E+000
   90  0.00000000000000000E+000
   91  0.00000000000000000E+000
   92  0.00000000000000000E+000
   93  0.00000000000000000E+000
   94  0.00000000000000000E+000
   95  0.00000000000000000E+000
   96  0.00000000000000000E+000
   97  0.00000000000000000E+000
   98  0.00000000000000000E+000
   99  0.00000000000000000E+000
  100  0.00000000000000000E+000
  101  0.00000000000000000E+000
  102  0.00000000000000000E+000
  103  0.00000000000000000E+000
  104  0.00000000000000000E+000
  105  0.00000000000000000E+000
  106  0.00000000000000000E+000
  107  0.00000000000000000E+000
  108  0.00000000000000000E+000
  109  0.00000000000000000E+000
  110  0.00000000000000000E+000
  111  0.00000000000000000E+000
  112  0.00000000000000000E+000
  113  0.00000000000000000E+000
  114  0.00000000000000000E+000
  115  0.00000000000000000E+000
  116  0.00000000000000000E+000
  117  0.00000000000000000E+000
  118  0.00000000000000000E+000
  119  0.00000000000000000E+000
  120  0.00000000000000000E+000
  121  0.00000000000000000E+000
  122  0.00000000000000000E+000
  123  0.00000000000000000E+000
  124  0.00000000000000000E+000
  125  0.00000000000000000E+000
  126  0.00000000000000000E+000
  127  0.00000000000000000E+000
  128  0.00000000000000000E+000
  129  0.00000000000000000E+000
  130  0.00000000000000000E+000
  131  0.00000000000000000E+000
  132  0.00000000000000000E+000
  133  0.00000000000000000E+000
  134  0.00000000000000000E+000
  135  0.00000000000000000E+000
  136  0.00000000000000000E+000
  137  0.00000000000000000E+000
  138  0.00000000000000000E+000
  139  0.00000000000000000E+000
  140  0.00000000000000000E+000
  141  0.00000000000000000E+000
  142  0.00000000000000000E+000
  143  0.00000000000000000E+000
  144  0.00000000000000000E+000
  145  0.00000000000000000E+000
  146  0.00000000000000000E+000
  147  0.00000000000000000E+000
  148  0.00000000000000000E+000
  149  0.00000000000000000E+000
  150  0.00000000000000000E+000
## spot_moist_land closure=2.50 mode=B step=1 det_u n=150
    1  0.00000000000000000E+000
    2  0.00000000000000000E+000
    3  0.00000000000000000E+000
    4  0.00000000000000000E+000
    5  0.00000000000000000E+000
    6  0.00000000000000000E+000
    7  0.00000000000000000E+000
    8  0.00000000000000000E+000
    9  0.00000000000000000E+000
   10  0.00000000000000000E+000
   11  0.00000000000000000E+000
   12  0.00000000000000000E+000
   13  0.00000000000000000E+000
   14  0.00000000000000000E+000
   15  0.00000000000000000E+000
   16  0.00000000000000000E+000
   17  0.00000000000000000E+000
   18  0.00000000000000000E+000
   19  0.00000000000000000E+000
   20  0.00000000000000000E+000
   21  0.00000000000000000E+000
   22  0.00000000000000000E+000
   23  0.00000000000000000E+000
   24  0.00000000000000000E+000
   25  0.00000000000000000E+000
   26  0.00000000000000000E+000
   27  0.00000000000000000E+000
   28  0.00000000000000000E+000
   29  0.00000000000000000E+000
   30  0.00000000000000000E+000
   31  0.00000000000000000E+000
   32  0.00000000000000000E+000
   33  0.00000000000000000E+000
   34  0.00000000000000000E+000
   35  0.00000000000000000E+000
   36  0.00000000000000000E+000
   37  0.00000000000000000E+000
   38  0.00000000000000000E+000
   39  0.00000000000000000E+000
   40  0.00000000000000000E+000
   41  0.00000000000000000E+000
   42  0.00000000000000000E+000
   43  0.00000000000000000E+000
   44  0.00000000000000000E+000
   45  0.00000000000000000E+000
   46  0.00000000000000000E+000
   47  0.00000000000000000E+000
   48  0.00000000000000000E+000
   49  0.00000000000000000E+000
   50  0.00000000000000000E+000
   51  0.00000000000000000E+000
   52  0.00000000000000000E+000
   53  0.00000000000000000E+000
   54  0.00000000000000000E+000
   55  0.00000000000000000E+000
   56  0.00000000000000000E+000
   57  0.00000000000000000E+000
   58  0.00000000000000000E+000
   59  0.00000000000000000E+000
   60  0.00000000000000000E+000
   61  0.00000000000000000E+000
   62  0.00000000000000000E+000
   63  0.00000000000000000E+000
   64  0.00000000000000000E+000
   65  0.00000000000000000E+000
   66  0.00000000000000000E+000
   67  0.00000000000000000E+000
   68  0.00000000000000000E+000
   69  0.00000000000000000E+000
   70  0.00000000000000000E+000
   71  0.00000000000000000E+000
   72  0.00000000000000000E+000
   73  0.00000000000000000E+000
   74  0.00000000000000000E+000
   75  0.00000000000000000E+000
   76  0.00000000000000000E+000
   77  0.00000000000000000E+000
   78  0.00000000000000000E+000
   79  0.00000000000000000E+000
   80  0.00000000000000000E+000
   81  0.00000000000000000E+000
   82  0.00000000000000000E+000
   83  0.00000000000000000E+000
   84  0.00000000000000000E+000
   85  0.00000000000000000E+000
   86  0.00000000000000000E+000
   87  0.00000000000000000E+000
   88  0.00000000000000000E+000
   89  0.00000000000000000E+000
   90  0.00000000000000000E+000
   91  0.00000000000000000E+000
   92  0.00000000000000000E+000
   93  0.00000000000000000E+000
   94  0.00000000000000000E+000
   95  0.00000000000000000E+000
   96  0.00000000000000000E+000
   97  0.00000000000000000E+000
   98  0.00000000000000000E+000
   99  0.00000000000000000E+000
  100  0.00000000000000000E+000
  101  0.00000000000000000E+000
  102  0.00000000000000000E+000
  103  0.00000000000000000E+000
  104  0.00000000000000000E+000
  105  0.00000000000000000E+000
  106  0.00000000000000000E+000
  107  0.00000000000000000E+000
  108  0.00000000000000000E+000
  109  0.00000000000000000E+000
  110  0.00000000000000000E+000
  111  0.00000000000000000E+000
  112  0.00000000000000000E+000
  113  0.00000000000000000E+000
  114  0.00000000000000000E+000
  115  0.00000000000000000E+000
  116  0.00000000000000000E+000
  117  0.00000000000000000E+000
  118  0.00000000000000000E+000
  119  0.00000000000000000E+000
  120  0.00000000000000000E+000
  121  0.00000000000000000E+000
  122  0.00000000000000000E+000
  123  0.00000000000000000E+000
  124  0.00000000000000000E+000
  125  0.00000000000000000E+000
  126  0.00000000000000000E+000
  127  0.00000000000000000E+000
  128  0.00000000000000000E+000
  129  0.00000000000000000E+000
  130  0.00000000000000000E+000
  131  0.00000000000000000E+000
  132  0.00000000000000000E+000
  133  0.00000000000000000E+000
  134  0.00000000000000000E+000
  135  0.00000000000000000E+000
  136  0.00000000000000000E+000
  137  0.00000000000000000E+000
  138  0.00000000000000000E+000
  139  0.00000000000000000E+000
  140  0.00000000000000000E+000
  141  0.00000000000000000E+000
  142  0.00000000000000000E+000
  143  0.00000000000000000E+000
  144  0.00000000000000000E+000
  145  0.00000000000000000E+000
  146  0.00000000000000000E+000
  147  0.00000000000000000E+000
  148  0.00000000000000000E+000
  149  0.00000000000000000E+000
  150  0.00000000000000000E+000
## spot_moist_land closure=2.50 mode=B step=1 det_v n=150
    1  0.00000000000000000E+000
    2  0.00000000000000000E+000
    3  0.00000000000000000E+000
    4  0.00000000000000000E+000
    5  0.00000000000000000E+000
    6  0.00000000000000000E+000
    7  0.00000000000000000E+000
    8  0.00000000000000000E+000
    9  0.00000000000000000E+000
   10  0.00000000000000000E+000
   11  0.00000000000000000E+000
   12  0.00000000000000000E+000
   13  0.00000000000000000E+000
   14  0.00000000000000000E+000
   15  0.00000000000000000E+000
   16  0.00000000000000000E+000
   17  0.00000000000000000E+000
   18  0.00000000000000000E+000
   19  0.00000000000000000E+000
   20  0.00000000000000000E+000
   21  0.00000000000000000E+000
   22  0.00000000000000000E+000
   23  0.00000000000000000E+000
   24  0.00000000000000000E+000
   25  0.00000000000000000E+000
   26  0.00000000000000000E+000
   27  0.00000000000000000E+000
   28  0.00000000000000000E+000
   29  0.00000000000000000E+000
   30  0.00000000000000000E+000
   31  0.00000000000000000E+000
   32  0.00000000000000000E+000
   33  0.00000000000000000E+000
   34  0.00000000000000000E+000
   35  0.00000000000000000E+000
   36  0.00000000000000000E+000
   37  0.00000000000000000E+000
   38  0.00000000000000000E+000
   39  0.00000000000000000E+000
   40  0.00000000000000000E+000
   41  0.00000000000000000E+000
   42  0.00000000000000000E+000
   43  0.00000000000000000E+000
   44  0.00000000000000000E+000
   45  0.00000000000000000E+000
   46  0.00000000000000000E+000
   47  0.00000000000000000E+000
   48  0.00000000000000000E+000
   49  0.00000000000000000E+000
   50  0.00000000000000000E+000
   51  0.00000000000000000E+000
   52  0.00000000000000000E+000
   53  0.00000000000000000E+000
   54  0.00000000000000000E+000
   55  0.00000000000000000E+000
   56  0.00000000000000000E+000
   57  0.00000000000000000E+000
   58  0.00000000000000000E+000
   59  0.00000000000000000E+000
   60  0.00000000000000000E+000
   61  0.00000000000000000E+000
   62  0.00000000000000000E+000
   63  0.00000000000000000E+000
   64  0.00000000000000000E+000
   65  0.00000000000000000E+000
   66  0.00000000000000000E+000
   67  0.00000000000000000E+000
   68  0.00000000000000000E+000
   69  0.00000000000000000E+000
   70  0.00000000000000000E+000
   71  0.00000000000000000E+000
   72  0.00000000000000000E+000
   73  0.00000000000000000E+000
   74  0.00000000000000000E+000
   75  0.00000000000000000E+000
   76  0.00000000000000000E+000
   77  0.00000000000000000E+000
   78  0.00000000000000000E+000
   79  0.00000000000000000E+000
   80  0.00000000000000000E+000
   81  0.00000000000000000E+000
   82  0.00000000000000000E+000
   83  0.00000000000000000E+000
   84  0.00000000000000000E+000
   85  0.00000000000000000E+000
   86  0.00000000000000000E+000
   87  0.00000000000000000E+000
   88  0.00000000000000000E+000
   89  0.00000000000000000E+000
   90  0.00000000000000000E+000
   91  0.00000000000000000E+000
   92  0.00000000000000000E+000
   93  0.00000000000000000E+000
   94  0.00000000000000000E+000
   95  0.00000000000000000E+000
   96  0.00000000000000000E+000
   97  0.00000000000000000E+000
   98  0.00000000000000000E+000
   99  0.00000000000000000E+000
  100  0.00000000000000000E+000
  101  0.00000000000000000E+000
  102  0.00000000000000000E+000
  103  0.00000000000000000E+000
  104  0.00000000000000000E+000
  105  0.00000000000000000E+000
  106  0.00000000000000000E+000
  107  0.00000000000000000E+000
  108  0.00000000000000000E+000
  109  0.00000000000000000E+000
  110  0.00000000000000000E+000
  111  0.00000000000000000E+000
  112  0.00000000000000000E+000
  113  0.00000000000000000E+000
  114  0.00000000000000000E+000
  115  0.00000000000000000E+000
  116  0.00000000000000000E+000
  117  0.00000000000000000E+000
  118  0.00000000000000000E+000
  119  0.00000000000000000E+000
  120  0.00000000000000000E+000
  121  0.00000000000000000E+000
  122  0.00000000000000000E+000
  123  0.00000000000000000E+000
  124  0.00000000000000000E+000
  125  0.00000000000000000E+000
  126  0.00000000000000000E+000
  127  0.00000000000000000E+000
  128  0.00000000000000000E+000
  129  0.00000000000000000E+000
  130  0.00000000000000000E+000
  131  0.00000000000000000E+000
  132  0.00000000000000000E+000
  133  0.00000000000000000E+000
  134  0.00000000000000000E+000
  135  0.00000000000000000E+000
  136  0.00000000000000000E+000
  137  0.00000000000000000E+000
  138  0.00000000000000000E+000
  139  0.00000000000000000E+000
  140  0.00000000000000000E+000
  141  0.00000000000000000E+000
  142  0.00000000000000000E+000
  143  0.00000000000000000E+000
  144  0.00000000000000000E+000
  145  0.00000000000000000E+000
  146  0.00000000000000000E+000
  147  0.00000000000000000E+000
  148  0.00000000000000000E+000
  149  0.00000000000000000E+000
  150  0.00000000000000000E+000
## spot_moist_land closure=2.50 mode=B step=1 vt n=150
    1  0.00000000000000000E+000
    2  0.00000000000000000E+000
    3  0.00000000000000000E+000
    4 -1.07557088010367008E-001
    5 -7.66586541724834092E-002
    6 -7.46646780118970232E-002
    7 -1.07091900598675682E-001
    8 -1.23635182928638176E-001
    9 -1.25632511338566677E-001
   10 -1.27310828754971350E-001
   11 -1.30033437018231113E-001
   12 -1.32560367841474402E-001
   13 -1.33943841711845257E-001
   14 -1.36174823666246558E-001
   15 -1.29420330520478188E-001
   16 -1.22659316958960152E-001
   17 -1.24270795101889986E-001
   18 -1.25713713419715933E-001
   19 -1.18253421668281677E-001
   20 -1.10002655901136337E-001
   21 -9.14614935122713968E-002
   22 -5.46328070406585375E-002
   23  0.00000000000000000E+000
   24  0.00000000000000000E+000
   25  0.00000000000000000E+000
   26  0.00000000000000000E+000
   27  0.00000000000000000E+000
   28  0.00000000000000000E+000
   29  0.00000000000000000E+000
   30  0.00000000000000000E+000
   31  0.00000000000000000E+000
   32  0.00000000000000000E+000
   33  0.00000000000000000E+000
   34  0.00000000000000000E+000
   35  0.00000000000000000E+000
   36  0.00000000000000000E+000
   37  0.00000000000000000E+000
   38  0.00000000000000000E+000
   39  0.00000000000000000E+000
   40  0.00000000000000000E+000
   41  0.00000000000000000E+000
   42  0.00000000000000000E+000
   43  0.00000000000000000E+000
   44  0.00000000000000000E+000
   45  0.00000000000000000E+000
   46  0.00000000000000000E+000
   47  0.00000000000000000E+000
   48  0.00000000000000000E+000
   49  0.00000000000000000E+000
   50  0.00000000000000000E+000
   51  0.00000000000000000E+000
   52  0.00000000000000000E+000
   53  0.00000000000000000E+000
   54  0.00000000000000000E+000
   55  0.00000000000000000E+000
   56  0.00000000000000000E+000
   57  0.00000000000000000E+000
   58  0.00000000000000000E+000
   59  0.00000000000000000E+000
   60  0.00000000000000000E+000
   61  0.00000000000000000E+000
   62  0.00000000000000000E+000
   63  0.00000000000000000E+000
   64  0.00000000000000000E+000
   65  0.00000000000000000E+000
   66  0.00000000000000000E+000
   67  0.00000000000000000E+000
   68  0.00000000000000000E+000
   69  0.00000000000000000E+000
   70  0.00000000000000000E+000
   71  0.00000000000000000E+000
   72  0.00000000000000000E+000
   73  0.00000000000000000E+000
   74  0.00000000000000000E+000
   75  0.00000000000000000E+000
   76  0.00000000000000000E+000
   77  0.00000000000000000E+000
   78  0.00000000000000000E+000
   79  0.00000000000000000E+000
   80  0.00000000000000000E+000
   81  0.00000000000000000E+000
   82  0.00000000000000000E+000
   83  0.00000000000000000E+000
   84  0.00000000000000000E+000
   85  0.00000000000000000E+000
   86  0.00000000000000000E+000
   87  0.00000000000000000E+000
   88  0.00000000000000000E+000
   89  0.00000000000000000E+000
   90  0.00000000000000000E+000
   91  0.00000000000000000E+000
   92  0.00000000000000000E+000
   93  0.00000000000000000E+000
   94  0.00000000000000000E+000
   95  0.00000000000000000E+000
   96  0.00000000000000000E+000
   97  0.00000000000000000E+000
   98  0.00000000000000000E+000
   99  0.00000000000000000E+000
  100  0.00000000000000000E+000
  101  0.00000000000000000E+000
  102  0.00000000000000000E+000
  103  0.00000000000000000E+000
  104  0.00000000000000000E+000
  105  0.00000000000000000E+000
  106  0.00000000000000000E+000
  107  0.00000000000000000E+000
  108  0.00000000000000000E+000
  109  0.00000000000000000E+000
  110  0.00000000000000000E+000
  111  0.00000000000000000E+000
  112  0.00000000000000000E+000
  113  0.00000000000000000E+000
  114  0.00000000000000000E+000
  115  0.00000000000000000E+000
  116  0.00000000000000000E+000
  117  0.00000000000000000E+000
  118  0.00000000000000000E+000
  119  0.00000000000000000E+000
  120  0.00000000000000000E+000
  121  0.00000000000000000E+000
  122  0.00000000000000000E+000
  123  0.00000000000000000E+000
  124  0.00000000000000000E+000
  125  0.00000000000000000E+000
  126  0.00000000000000000E+000
  127  0.00000000000000000E+000
  128  0.00000000000000000E+000
  129  0.00000000000000000E+000
  130  0.00000000000000000E+000
  131  0.00000000000000000E+000
  132  0.00000000000000000E+000
  133  0.00000000000000000E+000
  134  0.00000000000000000E+000
  135  0.00000000000000000E+000
  136  0.00000000000000000E+000
  137  0.00000000000000000E+000
  138  0.00000000000000000E+000
  139  0.00000000000000000E+000
  140  0.00000000000000000E+000
  141  0.00000000000000000E+000
  142  0.00000000000000000E+000
  143  0.00000000000000000E+000
  144  0.00000000000000000E+000
  145  0.00000000000000000E+000
  146  0.00000000000000000E+000
  147  0.00000000000000000E+000
  148  0.00000000000000000E+000
  149  0.00000000000000000E+000
  150  0.00000000000000000E+000
## spot_moist_land closure=2.50 mode=B step=1 vq n=150
    1  0.00000000000000000E+000
    2  0.00000000000000000E+000
    3  0.00000000000000000E+000
    4  1.13820122488335329E+002
    5  9.20270265971364836E+001
    6  9.83584125301303800E+001
    7  1.21645405272129295E+002
    8  1.45485545851724424E+002
    9  1.55481838446533999E+002
   10  1.62336121235446768E+002
   11  1.74807365269065286E+002
   12  1.88222960960228448E+002
   13  1.96491216748193466E+002
   14  2.11564030209278968E+002
   15  2.14038744134873497E+002
   16  2.10752593975192696E+002
   17  2.26930903520954161E+002
   18  2.44353780003078811E+002
   19  2.39271421313657271E+002
   20  2.38247959760424152E+002
   21  2.13412532266052068E+002
   22  1.37126851963573216E+002
   23  0.00000000000000000E+000
   24  0.00000000000000000E+000
   25  0.00000000000000000E+000
   26  0.00000000000000000E+000
   27  0.00000000000000000E+000
   28  0.00000000000000000E+000
   29  0.00000000000000000E+000
   30  0.00000000000000000E+000
   31  0.00000000000000000E+000
   32  0.00000000000000000E+000
   33  0.00000000000000000E+000
   34  0.00000000000000000E+000
   35  0.00000000000000000E+000
   36  0.00000000000000000E+000
   37  0.00000000000000000E+000
   38  0.00000000000000000E+000
   39  0.00000000000000000E+000
   40  0.00000000000000000E+000
   41  0.00000000000000000E+000
   42  0.00000000000000000E+000
   43  0.00000000000000000E+000
   44  0.00000000000000000E+000
   45  0.00000000000000000E+000
   46  0.00000000000000000E+000
   47  0.00000000000000000E+000
   48  0.00000000000000000E+000
   49  0.00000000000000000E+000
   50  0.00000000000000000E+000
   51  0.00000000000000000E+000
   52  0.00000000000000000E+000
   53  0.00000000000000000E+000
   54  0.00000000000000000E+000
   55  0.00000000000000000E+000
   56  0.00000000000000000E+000
   57  0.00000000000000000E+000
   58  0.00000000000000000E+000
   59  0.00000000000000000E+000
   60  0.00000000000000000E+000
   61  0.00000000000000000E+000
   62  0.00000000000000000E+000
   63  0.00000000000000000E+000
   64  0.00000000000000000E+000
   65  0.00000000000000000E+000
   66  0.00000000000000000E+000
   67  0.00000000000000000E+000
   68  0.00000000000000000E+000
   69  0.00000000000000000E+000
   70  0.00000000000000000E+000
   71  0.00000000000000000E+000
   72  0.00000000000000000E+000
   73  0.00000000000000000E+000
   74  0.00000000000000000E+000
   75  0.00000000000000000E+000
   76  0.00000000000000000E+000
   77  0.00000000000000000E+000
   78  0.00000000000000000E+000
   79  0.00000000000000000E+000
   80  0.00000000000000000E+000
   81  0.00000000000000000E+000
   82  0.00000000000000000E+000
   83  0.00000000000000000E+000
   84  0.00000000000000000E+000
   85  0.00000000000000000E+000
   86  0.00000000000000000E+000
   87  0.00000000000000000E+000
   88  0.00000000000000000E+000
   89  0.00000000000000000E+000
   90  0.00000000000000000E+000
   91  0.00000000000000000E+000
   92  0.00000000000000000E+000
   93  0.00000000000000000E+000
   94  0.00000000000000000E+000
   95  0.00000000000000000E+000
   96  0.00000000000000000E+000
   97  0.00000000000000000E+000
   98  0.00000000000000000E+000
   99  0.00000000000000000E+000
  100  0.00000000000000000E+000
  101  0.00000000000000000E+000
  102  0.00000000000000000E+000
  103  0.00000000000000000E+000
  104  0.00000000000000000E+000
  105  0.00000000000000000E+000
  106  0.00000000000000000E+000
  107  0.00000000000000000E+000
  108  0.00000000000000000E+000
  109  0.00000000000000000E+000
  110  0.00000000000000000E+000
  111  0.00000000000000000E+000
  112  0.00000000000000000E+000
  113  0.00000000000000000E+000
  114  0.00000000000000000E+000
  115  0.00000000000000000E+000
  116  0.00000000000000000E+000
  117  0.00000000000000000E+000
  118  0.00000000000000000E+000
  119  0.00000000000000000E+000
  120  0.00000000000000000E+000
  121  0.00000000000000000E+000
  122  0.00000000000000000E+000
  123  0.00000000000000000E+000
  124  0.00000000000000000E+000
  125  0.00000000000000000E+000
  126  0.00000000000000000E+000
  127  0.00000000000000000E+000
  128  0.00000000000000000E+000
  129  0.00000000000000000E+000
  130  0.00000000000000000E+000
  131  0.00000000000000000E+000
  132  0.00000000000000000E+000
  133  0.00000000000000000E+000
  134  0.00000000000000000E+000
  135  0.00000000000000000E+000
  136  0.00000000000000000E+000
  137  0.00000000000000000E+000
  138  0.00000000000000000E+000
  139  0.00000000000000000E+000
  140  0.00000000000000000E+000
  141  0.00000000000000000E+000
  142  0.00000000000000000E+000
  143  0.00000000000000000E+000
  144  0.00000000000000000E+000
  145  0.00000000000000000E+000
  146  0.00000000000000000E+000
  147  0.00000000000000000E+000
  148  0.00000000000000000E+000
  149  0.00000000000000000E+000
  150  0.00000000000000000E+000
## spot_moist_land closure=2.50 mode=B step=1 cldfra_bl n=150
    1  0.00000000000000000E+000
    2  0.00000000000000000E+000
    3  0.00000000000000000E+000
    4  4.99999247450995166E-001
    5  4.99999247450995221E-001
    6  4.99999247450995332E-001
    7  4.99999247450995332E-001
    8  4.69436970930040942E-001
    9  4.37690050899464833E-001
   10  4.13667814391451727E-001
   11  3.74464816354413532E-001
   12  3.38306035734826760E-001
   13  3.18764449599607813E-001
   14  2.87790842571310101E-001
   15  2.60001766960357483E-001
   16  2.45209903154080588E-001
   17  2.21982466514134169E-001
   18  2.01272119181794884E-001
   19  1.90263336113477788E-001
   20  1.72955785061483847E-001
   21  1.57465522575038097E-001
   22  1.03731880740735860E-001
   23  0.00000000000000000E+000
   24  0.00000000000000000E+000
   25  0.00000000000000000E+000
   26  0.00000000000000000E+000
   27  0.00000000000000000E+000
   28  0.00000000000000000E+000
   29  0.00000000000000000E+000
   30  0.00000000000000000E+000
   31  0.00000000000000000E+000
   32  0.00000000000000000E+000
   33  0.00000000000000000E+000
   34  0.00000000000000000E+000
   35  0.00000000000000000E+000
   36  0.00000000000000000E+000
   37  0.00000000000000000E+000
   38  0.00000000000000000E+000
   39  0.00000000000000000E+000
   40  0.00000000000000000E+000
   41  0.00000000000000000E+000
   42  0.00000000000000000E+000
   43  0.00000000000000000E+000
   44  0.00000000000000000E+000
   45  0.00000000000000000E+000
   46  0.00000000000000000E+000
   47  0.00000000000000000E+000
   48  0.00000000000000000E+000
   49  0.00000000000000000E+000
   50  0.00000000000000000E+000
   51  0.00000000000000000E+000
   52  0.00000000000000000E+000
   53  0.00000000000000000E+000
   54  0.00000000000000000E+000
   55  0.00000000000000000E+000
   56  0.00000000000000000E+000
   57  0.00000000000000000E+000
   58  0.00000000000000000E+000
   59  0.00000000000000000E+000
   60  0.00000000000000000E+000
   61  0.00000000000000000E+000
   62  0.00000000000000000E+000
   63  0.00000000000000000E+000
   64  0.00000000000000000E+000
   65  0.00000000000000000E+000
   66  0.00000000000000000E+000
   67  0.00000000000000000E+000
   68  0.00000000000000000E+000
   69  0.00000000000000000E+000
   70  0.00000000000000000E+000
   71  0.00000000000000000E+000
   72  0.00000000000000000E+000
   73  0.00000000000000000E+000
   74  0.00000000000000000E+000
   75  0.00000000000000000E+000
   76  0.00000000000000000E+000
   77  0.00000000000000000E+000
   78  0.00000000000000000E+000
   79  0.00000000000000000E+000
   80  0.00000000000000000E+000
   81  0.00000000000000000E+000
   82  0.00000000000000000E+000
   83  0.00000000000000000E+000
   84  0.00000000000000000E+000
   85  0.00000000000000000E+000
   86  0.00000000000000000E+000
   87  0.00000000000000000E+000
   88  0.00000000000000000E+000
   89  0.00000000000000000E+000
   90  0.00000000000000000E+000
   91  0.00000000000000000E+000
   92  0.00000000000000000E+000
   93  0.00000000000000000E+000
   94  0.00000000000000000E+000
   95  0.00000000000000000E+000
   96  0.00000000000000000E+000
   97  0.00000000000000000E+000
   98  0.00000000000000000E+000
   99  0.00000000000000000E+000
  100  0.00000000000000000E+000
  101  0.00000000000000000E+000
  102  0.00000000000000000E+000
  103  0.00000000000000000E+000
  104  0.00000000000000000E+000
  105  0.00000000000000000E+000
  106  0.00000000000000000E+000
  107  0.00000000000000000E+000
  108  0.00000000000000000E+000
  109  0.00000000000000000E+000
  110  0.00000000000000000E+000
  111  0.00000000000000000E+000
  112  0.00000000000000000E+000
  113  0.00000000000000000E+000
  114  0.00000000000000000E+000
  115  0.00000000000000000E+000
  116  0.00000000000000000E+000
  117  0.00000000000000000E+000
  118  0.00000000000000000E+000
  119  0.00000000000000000E+000
  120  0.00000000000000000E+000
  121  0.00000000000000000E+000
  122  0.00000000000000000E+000
  123  0.00000000000000000E+000
  124  0.00000000000000000E+000
  125  0.00000000000000000E+000
  126  0.00000000000000000E+000
  127  0.00000000000000000E+000
  128  0.00000000000000000E+000
  129  0.00000000000000000E+000
  130  0.00000000000000000E+000
  131  0.00000000000000000E+000
  132  0.00000000000000000E+000
  133  0.00000000000000000E+000
  134  0.00000000000000000E+000
  135  0.00000000000000000E+000
  136  0.00000000000000000E+000
  137  0.00000000000000000E+000
  138  0.00000000000000000E+000
  139  0.00000000000000000E+000
  140  0.00000000000000000E+000
  141  0.00000000000000000E+000
  142  0.00000000000000000E+000
  143  0.00000000000000000E+000
  144  0.00000000000000000E+000
  145  0.00000000000000000E+000
  146  0.00000000000000000E+000
  147  0.00000000000000000E+000
  148  0.00000000000000000E+000
  149  0.00000000000000000E+000
  150  0.00000000000000000E+000
## spot_moist_land closure=2.50 mode=B step=1 qc_bl n=150
    1  0.00000000000000000E+000
    2  0.00000000000000000E+000
    3  0.00000000000000000E+000
    4  3.44481438394150555E-005
    5  7.84713779679385649E-005
    6  1.56714867895858714E-004
    7  2.03564972432077995E-004
    8  2.49363186859233006E-004
    9  2.84877575519222939E-004
   10  3.02184792873686782E-004
   11  3.24639806647257609E-004
   12  3.40752333109769036E-004
   13  3.44594678773465590E-004
   14  3.52590411448379826E-004
   15  3.49685809201662353E-004
   16  3.39262771186626879E-004
   17  3.41476690046786809E-004
   18  3.40655133429135454E-004
   19  3.26822800726757844E-004
   20  2.70998299228030859E-004
   21  1.42214201238049896E-004
   22  2.67990218848782670E-005
   23  0.00000000000000000E+000
   24  0.00000000000000000E+000
   25  0.00000000000000000E+000
   26  0.00000000000000000E+000
   27  0.00000000000000000E+000
   28  0.00000000000000000E+000
   29  0.00000000000000000E+000
   30  0.00000000000000000E+000
   31  0.00000000000000000E+000
   32  0.00000000000000000E+000
   33  0.00000000000000000E+000
   34  0.00000000000000000E+000
   35  0.00000000000000000E+000
   36  0.00000000000000000E+000
   37  0.00000000000000000E+000
   38  0.00000000000000000E+000
   39  0.00000000000000000E+000
   40  0.00000000000000000E+000
   41  0.00000000000000000E+000
   42  0.00000000000000000E+000
   43  0.00000000000000000E+000
   44  0.00000000000000000E+000
   45  0.00000000000000000E+000
   46  0.00000000000000000E+000
   47  0.00000000000000000E+000
   48  0.00000000000000000E+000
   49  0.00000000000000000E+000
   50  0.00000000000000000E+000
   51  0.00000000000000000E+000
   52  0.00000000000000000E+000
   53  0.00000000000000000E+000
   54  0.00000000000000000E+000
   55  0.00000000000000000E+000
   56  0.00000000000000000E+000
   57  0.00000000000000000E+000
   58  0.00000000000000000E+000
   59  0.00000000000000000E+000
   60  0.00000000000000000E+000
   61  0.00000000000000000E+000
   62  0.00000000000000000E+000
   63  0.00000000000000000E+000
   64  0.00000000000000000E+000
   65  0.00000000000000000E+000
   66  0.00000000000000000E+000
   67  0.00000000000000000E+000
   68  0.00000000000000000E+000
   69  0.00000000000000000E+000
   70  0.00000000000000000E+000
   71  0.00000000000000000E+000
   72  0.00000000000000000E+000
   73  0.00000000000000000E+000
   74  0.00000000000000000E+000
   75  0.00000000000000000E+000
   76  0.00000000000000000E+000
   77  0.00000000000000000E+000
   78  0.00000000000000000E+000
   79  0.00000000000000000E+000
   80  0.00000000000000000E+000
   81  0.00000000000000000E+000
   82  0.00000000000000000E+000
   83  0.00000000000000000E+000
   84  0.00000000000000000E+000
   85  0.00000000000000000E+000
   86  0.00000000000000000E+000
   87  0.00000000000000000E+000
   88  0.00000000000000000E+000
   89  0.00000000000000000E+000
   90  0.00000000000000000E+000
   91  0.00000000000000000E+000
   92  0.00000000000000000E+000
   93  0.00000000000000000E+000
   94  0.00000000000000000E+000
   95  0.00000000000000000E+000
   96  0.00000000000000000E+000
   97  0.00000000000000000E+000
   98  0.00000000000000000E+000
   99  0.00000000000000000E+000
  100  0.00000000000000000E+000
  101  0.00000000000000000E+000
  102  0.00000000000000000E+000
  103  0.00000000000000000E+000
  104  0.00000000000000000E+000
  105  0.00000000000000000E+000
  106  0.00000000000000000E+000
  107  0.00000000000000000E+000
  108  0.00000000000000000E+000
  109  0.00000000000000000E+000
  110  0.00000000000000000E+000
  111  0.00000000000000000E+000
  112  0.00000000000000000E+000
  113  0.00000000000000000E+000
  114  0.00000000000000000E+000
  115  0.00000000000000000E+000
  116  0.00000000000000000E+000
  117  0.00000000000000000E+000
  118  0.00000000000000000E+000
  119  0.00000000000000000E+000
  120  0.00000000000000000E+000
  121  0.00000000000000000E+000
  122  0.00000000000000000E+000
  123  0.00000000000000000E+000
  124  0.00000000000000000E+000
  125  0.00000000000000000E+000
  126  0.00000000000000000E+000
  127  0.00000000000000000E+000
  128  0.00000000000000000E+000
  129  0.00000000000000000E+000
  130  0.00000000000000000E+000
  131  0.00000000000000000E+000
  132  0.00000000000000000E+000
  133  0.00000000000000000E+000
  134  0.00000000000000000E+000
  135  0.00000000000000000E+000
  136  0.00000000000000000E+000
  137  0.00000000000000000E+000
  138  0.00000000000000000E+000
  139  0.00000000000000000E+000
  140  0.00000000000000000E+000
  141  0.00000000000000000E+000
  142  0.00000000000000000E+000
  143  0.00000000000000000E+000
  144  0.00000000000000000E+000
  145  0.00000000000000000E+000
  146  0.00000000000000000E+000
  147  0.00000000000000000E+000
  148  0.00000000000000000E+000
  149  0.00000000000000000E+000
  150  0.00000000000000000E+000
## spot_moist_land closure=2.50 mode=B step=1 maxwidth n=1
    1  1.00000000000000000E+003
## spot_moist_land closure=2.50 mode=B step=1 maxmf n=1
    1  2.20118775015769985E-001
## spot_moist_land closure=2.50 mode=B step=1 ztop_plume n=1
    1  3.50000000000000000E+003
## spot_moist_land closure=2.50 mode=B step=1 ktop_plume n=1
    1  2.20000000000000000E+001
## spot_moist_land END
